Project Name,Package Name,Type Name,NOF,NOPF,NOM,NOPM,LOC,WMC,NC,DIT,LCOM,FANIN,FANOUT
jmeter-2_5,org.apache.jmeter.assertions,BSFAssertion,2,0,1,1,27,2,0,1,0.0,0,2
jmeter-2_5,org.apache.jmeter.assertions,BSFAssertionBeanInfo,0,0,1,1,5,1,0,0,-1.0,0,0
jmeter-2_5,org.apache.jmeter.assertions,BeanShellAssertion,7,5,6,5,70,7,0,1,1.0,1,3
jmeter-2_5,org.apache.jmeter.assertions,CompareAssertion,6,0,14,10,149,27,0,1,0.14285714285714285,0,4
jmeter-2_5,org.apache.jmeter.assertions,CompareAssertionBeanInfo,0,0,1,1,23,1,0,0,-1.0,0,3
jmeter-2_5,org.apache.jmeter.assertions,DurationAssertion,2,1,2,1,34,4,0,1,0.0,1,3
jmeter-2_5,org.apache.jmeter.assertions,HTMLAssertion,9,7,19,18,259,35,0,1,0.0,1,3
jmeter-2_5,org.apache.jmeter.assertions,JSR223Assertion,2,0,1,1,31,2,0,1,0.0,0,2
jmeter-2_5,org.apache.jmeter.assertions,JSR223AssertionBeanInfo,0,0,1,1,5,1,0,0,-1.0,0,0
jmeter-2_5,org.apache.jmeter.assertions,MD5HexAssertion,3,0,4,3,51,7,0,1,0.5,3,5
jmeter-2_5,org.apache.jmeter.assertions,ResponseAssertion,23,0,38,31,389,80,0,1,0.0,5,6
jmeter-2_5,org.apache.jmeter.assertions,SMIMEAssertion,1,0,7,1,235,39,0,0,0.2857142857142857,2,4
jmeter-2_5,org.apache.jmeter.assertions,SMIMEAssertionTestElement,12,0,25,25,97,25,0,1,0.52,2,4
jmeter-2_5,org.apache.jmeter.assertions,SizeAssertion,15,6,19,17,170,31,0,1,0.0,2,3
jmeter-2_5,org.apache.jmeter.assertions,SubstitutionElement,3,2,5,5,20,5,0,0,0.6,1,0
jmeter-2_5,org.apache.jmeter.assertions,XMLAssertion,4,0,4,1,64,8,0,1,0.5,1,2
jmeter-2_5,org.apache.jmeter.assertions,XMLSchemaAssertion,8,5,10,7,127,17,0,1,0.0,4,4
jmeter-2_5,org.apache.jmeter.assertions,SAXErrorHandler,1,0,4,4,28,4,0,0,0.0,0,2
jmeter-2_5,org.apache.jmeter.assertions,XPathAssertion,13,1,21,21,218,33,0,1,0.0,3,4
jmeter-2_5,org.apache.jmeter.assertions,Assertion,0,0,1,0,12,1,13,0,-1.0,3,1
jmeter-2_5,org.apache.jmeter.assertions,AssertionResult,6,1,12,12,110,12,1,0,0.16666666666666666,30,0
jmeter-2_5,org.apache.jmeter.assertions,CompareAssertionResult,4,0,9,9,48,11,0,1,0.4444444444444444,3,1
jmeter-2_5,org.apache.jmeter.assertions,ResultHolder,2,0,3,3,22,5,0,0,1.0,1,0
jmeter-2_5,org.apache.jmeter.assertions,MD5HexAssertionTest,0,0,3,3,11,3,0,0,-1.0,0,1
jmeter-2_5,org.apache.jmeter.assertions,ResponseAssertionTest,9,0,11,9,177,16,0,0,0.2727272727272727,0,6
jmeter-2_5,org.apache.jmeter.assertions,TestThread,2,0,1,1,23,3,0,0,0.0,0,3
jmeter-2_5,org.apache.jmeter.assertions,SizeAssertionTest,8,0,9,7,111,10,0,0,0.0,0,6
jmeter-2_5,org.apache.jmeter.assertions,XMLSchemaAssertionTest,4,0,14,10,126,15,0,0,0.21428571428571427,0,6
jmeter-2_5,org.apache.jmeter.assertions,XPathAssertionTest,5,0,24,20,220,25,0,0,0.08333333333333333,0,6
jmeter-2_5,org.apache.jmeter.assertions.gui,AssertionGui,17,0,13,8,323,34,0,1,0.15384615384615385,0,6
jmeter-2_5,org.apache.jmeter.assertions.gui,ClearPatternsListener,0,0,1,1,16,3,0,0,-1.0,0,0
jmeter-2_5,org.apache.jmeter.assertions.gui,AddPatternListener,0,0,1,1,10,1,0,0,-1.0,0,0
jmeter-2_5,org.apache.jmeter.assertions.gui,BeanShellAssertionGui,5,0,11,6,101,11,0,1,0.18181818181818182,0,3
jmeter-2_5,org.apache.jmeter.assertions.gui,DurationAssertionGui,2,0,8,7,66,10,0,1,0.25,0,4
jmeter-2_5,org.apache.jmeter.assertions.gui,HTMLAssertionGui,12,0,14,12,254,29,0,1,0.35714285714285715,0,6
jmeter-2_5,org.apache.jmeter.assertions.gui,MD5HexAssertionGUI,2,0,7,6,48,8,0,1,0.2857142857142857,0,4
jmeter-2_5,org.apache.jmeter.assertions.gui,SMIMEAssertionGui,12,0,13,9,158,16,0,1,0.15384615384615385,0,4
jmeter-2_5,org.apache.jmeter.assertions.gui,SizeAssertionGui,14,0,13,9,214,27,0,1,0.15384615384615385,0,4
jmeter-2_5,org.apache.jmeter.assertions.gui,XMLAssertionGui,1,0,6,5,42,6,0,1,0.6666666666666666,0,3
jmeter-2_5,org.apache.jmeter.assertions.gui,XMLConfPanel,9,0,9,7,110,9,0,0,0.0,2,3
jmeter-2_5,org.apache.jmeter.assertions.gui,XMLSchemaAssertionGUI,3,0,7,6,72,7,0,1,0.2857142857142857,0,5
jmeter-2_5,org.apache.jmeter.assertions.gui,XPathAssertionGui,3,0,8,7,68,9,0,1,0.25,0,6
jmeter-2_5,org.apache.jmeter.assertions.gui,XPathPanel,6,0,14,13,137,20,0,0,0.0,2,3
jmeter-2_5,org.apache.jmeter.assertions.gui,AbstractAssertionGui,1,0,1,1,13,1,10,0,0.0,0,1
jmeter-2_5,org.apache.jmeter.config,CSVDataSet,14,0,18,17,165,29,0,2,0.0,1,7
jmeter-2_5,org.apache.jmeter.config,CSVDataSetBeanInfo,12,0,2,2,64,5,0,0,0.0,1,0
jmeter-2_5,org.apache.jmeter.config,RandomVariableConfig,12,0,19,13,173,26,0,2,0.0,0,3
jmeter-2_5,org.apache.jmeter.config,RandomVariableConfigBeanInfo,9,0,1,1,38,1,0,0,0.0,0,0
jmeter-2_5,org.apache.jmeter.config,Argument,4,3,11,11,102,13,0,0,0.2727272727272727,17,0
jmeter-2_5,org.apache.jmeter.config,Arguments,2,1,17,17,177,29,0,2,0.0,31,3
jmeter-2_5,org.apache.jmeter.config,ConfigElement,0,0,3,0,13,3,1,0,-1.0,11,1
jmeter-2_5,org.apache.jmeter.config,ConfigTestElement,3,2,4,4,24,5,4,1,1.0,16,2
jmeter-2_5,org.apache.jmeter.config,LoginConfig,1,0,6,6,39,6,0,2,0.6666666666666666,2,1
jmeter-2_5,org.apache.jmeter.config,TestCVSDataSet,1,0,9,8,139,9,0,0,0.3333333333333333,0,5
jmeter-2_5,org.apache.jmeter.control,ForeachController,7,0,19,9,122,26,0,2,0.10526315789473684,1,2
jmeter-2_5,org.apache.jmeter.control,IncludeController,6,0,10,7,137,23,0,2,0.2,2,8
jmeter-2_5,org.apache.jmeter.control,InterleaveControl,8,2,13,5,116,21,1,2,0.15384615384615385,4,3
jmeter-2_5,org.apache.jmeter.control,ModuleController,3,0,13,7,130,29,0,2,0.15384615384615385,2,5
jmeter-2_5,org.apache.jmeter.control,OnceOnlyController,1,0,3,2,26,5,0,2,1.0,2,1
jmeter-2_5,org.apache.jmeter.control,RandomController,2,0,3,1,24,4,0,3,0.6666666666666666,1,0
jmeter-2_5,org.apache.jmeter.control,RandomOrderController,1,0,4,2,49,9,0,2,0.5,2,0
jmeter-2_5,org.apache.jmeter.control,SwitchController,2,0,7,4,65,13,0,2,0.42857142857142855,2,1
jmeter-2_5,org.apache.jmeter.control,ThroughputController,14,2,27,21,189,37,0,2,0.18518518518518517,3,4
jmeter-2_5,org.apache.jmeter.control,MutableInteger,1,0,3,1,12,3,0,0,0.0,1,0
jmeter-2_5,org.apache.jmeter.control,Controller,0,0,4,4,23,4,2,0,-1.0,5,1
jmeter-2_5,org.apache.jmeter.control,GenericController,8,0,27,7,225,42,14,1,0.07407407407407407,11,5
jmeter-2_5,org.apache.jmeter.control,IfController,5,0,12,10,106,16,0,2,0.25,3,1
jmeter-2_5,org.apache.jmeter.control,LoopController,4,0,15,7,96,19,0,2,0.0,11,1
jmeter-2_5,org.apache.jmeter.control,NextIsNullException,1,0,0,0,6,0,0,0,-1.0,0,0
jmeter-2_5,org.apache.jmeter.control,ReplaceableController,0,0,2,2,15,2,2,0,-1.0,1,1
jmeter-2_5,org.apache.jmeter.control,RunTime,4,0,13,7,75,17,0,2,0.15384615384615385,2,0
jmeter-2_5,org.apache.jmeter.control,TestFragmentController,1,0,0,0,3,0,0,2,-1.0,1,0
jmeter-2_5,org.apache.jmeter.control,TransactionController,11,0,13,9,159,30,0,2,0.23076923076923078,4,10
jmeter-2_5,org.apache.jmeter.control,TransactionSampler,8,0,10,8,68,13,0,0,0.4,3,4
jmeter-2_5,org.apache.jmeter.control,WhileController,3,0,6,4,59,10,0,2,0.3333333333333333,2,4
jmeter-2_5,org.apache.jmeter.control,TestGenericController,0,0,2,2,33,4,0,0,-1.0,0,2
jmeter-2_5,org.apache.jmeter.control,TestIfController,0,0,5,5,98,10,0,0,-1.0,0,5
jmeter-2_5,org.apache.jmeter.control,TestInterleaveControl,0,0,7,7,195,20,0,0,-1.0,0,4
jmeter-2_5,org.apache.jmeter.control,TestLoopController,0,0,4,4,54,7,0,0,-1.0,0,3
jmeter-2_5,org.apache.jmeter.control,TestOnceOnlyController,0,0,6,6,240,23,0,0,-1.0,0,5
jmeter-2_5,org.apache.jmeter.control,TestRandomOrderController,0,0,4,4,44,8,0,0,-1.0,0,2
jmeter-2_5,org.apache.jmeter.control,TestRunTime,0,0,2,2,42,3,0,0,-1.0,0,4
jmeter-2_5,org.apache.jmeter.control,TestSwitchController,0,0,15,10,173,23,0,0,-1.0,0,10
jmeter-2_5,org.apache.jmeter.control,TestThroughputController,0,0,6,6,153,15,0,0,-1.0,0,3
jmeter-2_5,org.apache.jmeter.control,TestWhileController,3,0,21,14,276,37,0,0,0.09523809523809523,0,11
jmeter-2_5,org.apache.jmeter.control.gui,ForeachControlPanel,7,0,9,7,129,13,0,1,0.3333333333333333,0,4
jmeter-2_5,org.apache.jmeter.control.gui,IncludeControllerGui,2,0,8,7,58,8,0,1,0.5,0,7
jmeter-2_5,org.apache.jmeter.control.gui,InterleaveControlGui,2,0,7,6,51,9,0,1,0.2857142857142857,0,4
jmeter-2_5,org.apache.jmeter.control.gui,ModuleControllerGui,5,0,12,7,175,30,0,1,0.25,0,8
jmeter-2_5,org.apache.jmeter.control.gui,TreeNodeWrapper,2,0,3,3,17,3,0,0,0.0,0,1
jmeter-2_5,org.apache.jmeter.control.gui,OnceOnlyControllerGui,1,0,5,4,26,5,0,1,0.6,0,3
jmeter-2_5,org.apache.jmeter.control.gui,RandomControlGui,2,0,7,6,51,9,0,1,0.2857142857142857,0,5
jmeter-2_5,org.apache.jmeter.control.gui,RandomOrderControllerGui,1,0,3,3,23,3,0,2,0.6666666666666666,0,2
jmeter-2_5,org.apache.jmeter.control.gui,SwitchControllerGui,3,0,8,6,52,8,0,1,0.25,0,3
jmeter-2_5,org.apache.jmeter.control.gui,ThroughputControllerGui,10,0,9,8,111,15,0,1,0.2222222222222222,0,3
jmeter-2_5,org.apache.jmeter.control.gui,AbstractControllerGui,1,0,2,2,20,2,15,0,1.0,0,1
jmeter-2_5,org.apache.jmeter.control.gui,IfControllerPanel,5,0,10,8,119,13,0,1,0.3,0,3
jmeter-2_5,org.apache.jmeter.control.gui,LogicControllerGui,1,0,5,4,31,5,1,1,0.8,0,2
jmeter-2_5,org.apache.jmeter.control.gui,LoopControlPanel,6,0,12,8,163,19,0,1,0.25,1,3
jmeter-2_5,org.apache.jmeter.control.gui,RunTimeGui,3,0,12,8,124,16,0,1,0.25,0,3
jmeter-2_5,org.apache.jmeter.control.gui,TestFragmentControllerGui,1,0,7,6,47,7,0,1,0.7142857142857143,0,3
jmeter-2_5,org.apache.jmeter.control.gui,TestPlanGui,5,0,9,8,113,12,0,0,0.4444444444444444,0,9
jmeter-2_5,org.apache.jmeter.control.gui,TransactionControllerGui,3,0,6,5,46,6,0,1,0.5,0,4
jmeter-2_5,org.apache.jmeter.control.gui,WhileControllerGui,4,0,9,7,94,12,0,1,0.2222222222222222,0,3
jmeter-2_5,org.apache.jmeter.control.gui,WorkBenchGui,1,0,7,6,51,7,0,0,0.7142857142857143,0,5
jmeter-2_5,org.apache.jmeter.control.gui,ReportGui,4,0,10,7,107,12,0,0,0.4,0,6
jmeter-2_5,org.apache.jmeter.extractor,BSFPostProcessor,2,0,1,1,17,2,0,0,0.0,0,0
jmeter-2_5,org.apache.jmeter.extractor,BSFPostProcessorBeanInfo,0,0,1,1,5,1,0,0,-1.0,0,0
jmeter-2_5,org.apache.jmeter.extractor,BeanShellPostProcessor,3,0,2,1,27,4,0,0,1.0,0,4
jmeter-2_5,org.apache.jmeter.extractor,BeanShellPostProcessorBeanInfo,0,0,1,1,5,1,0,0,-1.0,0,0
jmeter-2_5,org.apache.jmeter.extractor,DebugPostProcessor,1,0,1,1,25,2,0,0,0.0,0,4
jmeter-2_5,org.apache.jmeter.extractor,DebugPostProcessorBeanInfo,0,0,1,1,5,1,0,0,-1.0,0,0
jmeter-2_5,org.apache.jmeter.extractor,JSR223PostProcessor,2,0,1,1,19,2,0,0,0.0,0,0
jmeter-2_5,org.apache.jmeter.extractor,JSR223PostProcessorBeanInfo,0,0,1,1,5,1,0,0,-1.0,0,0
jmeter-2_5,org.apache.jmeter.extractor,RegexExtractor,17,6,28,20,329,60,0,0,0.0,2,4
jmeter-2_5,org.apache.jmeter.extractor,XPathExtractor,15,0,31,25,256,45,0,0,0.12903225806451613,3,6
jmeter-2_5,org.apache.jmeter.extractor,TestRegexExtractor,4,0,24,23,334,24,0,0,0.08333333333333333,1,6
jmeter-2_5,org.apache.jmeter.extractor,TestXPathExtractor,7,0,7,7,152,7,0,0,0.2857142857142857,0,5
jmeter-2_5,org.apache.jmeter.extractor.gui,RegexExtractorGui,13,0,12,6,166,14,0,0,0.16666666666666666,0,5
jmeter-2_5,org.apache.jmeter.extractor.gui,XPathExtractorGui,6,0,11,6,103,12,0,0,0.18181818181818182,0,5
jmeter-2_5,org.apache.jmeter.modifiers,BSFPreProcessor,2,0,1,1,17,2,0,0,0.0,0,0
jmeter-2_5,org.apache.jmeter.modifiers,BSFPreProcessorBeanInfo,0,0,1,1,5,1,0,0,-1.0,0,0
jmeter-2_5,org.apache.jmeter.modifiers,BeanShellPreProcessor,3,0,2,1,24,3,0,0,1.0,0,4
jmeter-2_5,org.apache.jmeter.modifiers,BeanShellPreProcessorBeanInfo,0,0,1,1,5,1,0,0,-1.0,0,0
jmeter-2_5,org.apache.jmeter.modifiers,CounterConfig,9,2,24,20,128,29,0,0,0.0,1,3
jmeter-2_5,org.apache.jmeter.modifiers,JSR223PreProcessor,2,0,1,1,19,2,0,0,0.0,0,0
jmeter-2_5,org.apache.jmeter.modifiers,JSR223PreProcessorBeanInfo,0,0,1,1,5,1,0,0,-1.0,0,0
jmeter-2_5,org.apache.jmeter.modifiers,UserParameters,6,3,15,11,102,23,0,0,0.26666666666666666,2,6
jmeter-2_5,org.apache.jmeter.modifiers.gui,CounterConfigGui,7,0,7,6,77,8,0,0,0.2857142857142857,0,5
jmeter-2_5,org.apache.jmeter.modifiers.gui,UserParametersGui,14,0,16,10,221,37,0,0,0.125,0,7
jmeter-2_5,org.apache.jmeter.modifiers.gui,AddParamAction,0,0,1,1,13,2,0,0,-1.0,0,0
jmeter-2_5,org.apache.jmeter.modifiers.gui,AddUserAction,0,0,1,1,13,2,0,0,-1.0,0,0
jmeter-2_5,org.apache.jmeter.modifiers.gui,DeleteRowAction,0,0,1,1,23,5,0,0,-1.0,0,0
jmeter-2_5,org.apache.jmeter.modifiers.gui,DeleteColumnAction,0,0,1,1,26,6,0,0,-1.0,0,1
jmeter-2_5,org.apache.jmeter.reporters,MailerModel,17,0,27,27,231,39,0,0,0.07407407407407407,2,3
jmeter-2_5,org.apache.jmeter.reporters,MailerResultCollector,2,1,4,4,25,4,0,2,0.0,0,1
jmeter-2_5,org.apache.jmeter.reporters,AbstractListenerElement,2,0,4,3,23,5,1,0,0.5,2,2
jmeter-2_5,org.apache.jmeter.reporters,FileReporter,7,0,11,11,265,33,0,0,0.18181818181818182,1,1
jmeter-2_5,org.apache.jmeter.reporters,GraphPanel,4,0,8,8,188,24,0,0,0.0,1,0
jmeter-2_5,org.apache.jmeter.reporters,ResultAction,2,0,4,4,39,8,0,0,1.0,1,2
jmeter-2_5,org.apache.jmeter.reporters,ResultCollector,22,1,34,24,423,70,1,1,0.17647058823529413,8,14
jmeter-2_5,org.apache.jmeter.reporters,FileEntry,2,0,1,0,8,1,0,0,0.0,1,1
jmeter-2_5,org.apache.jmeter.reporters,ResultCollectorHelper,3,0,2,2,18,3,0,0,0.0,2,3
jmeter-2_5,org.apache.jmeter.reporters,ResultSaver,10,6,16,6,154,27,0,0,0.3125,1,6
jmeter-2_5,org.apache.jmeter.reporters,Counter,1,0,0,0,3,0,0,0,-1.0,1,0
jmeter-2_5,org.apache.jmeter.reporters,Summariser,14,0,14,10,223,32,0,0,0.35714285714285715,4,7
jmeter-2_5,org.apache.jmeter.reporters,Totals,3,0,1,0,15,1,0,0,0.0,1,1
jmeter-2_5,org.apache.jmeter.sampler,DebugSampler,4,0,9,8,78,13,0,0,0.2222222222222222,0,4
jmeter-2_5,org.apache.jmeter.sampler,DebugSamplerBeanInfo,0,0,1,1,21,1,0,0,-1.0,0,0
jmeter-2_5,org.apache.jmeter.sampler,TestAction,10,5,9,8,79,14,0,0,0.2222222222222222,1,3
jmeter-2_5,org.apache.jmeter.sampler.gui,TestActionGui,17,0,13,12,161,24,0,0,0.23076923076923078,0,4
jmeter-2_5,org.apache.jmeter.timers,BSFTimer,2,0,1,1,29,3,0,1,0.0,0,0
jmeter-2_5,org.apache.jmeter.timers,BSFTimerBeanInfo,0,0,1,1,5,1,0,0,-1.0,0,0
jmeter-2_5,org.apache.jmeter.timers,BeanShellTimer,3,0,2,1,35,4,0,1,1.0,1,1
jmeter-2_5,org.apache.jmeter.timers,BeanShellTimerBeanInfo,0,0,1,1,5,1,0,0,-1.0,0,0
jmeter-2_5,org.apache.jmeter.timers,ConstantThroughputTimer,11,0,17,12,155,24,0,1,0.35294117647058826,1,6
jmeter-2_5,org.apache.jmeter.timers,ThroughputInfo,2,0,0,0,4,0,0,0,-1.0,1,0
jmeter-2_5,org.apache.jmeter.timers,ConstantThroughputTimerBeanInfo,1,0,2,2,33,4,0,0,0.0,2,0
jmeter-2_5,org.apache.jmeter.timers,ConstantTimer,3,1,8,8,59,8,1,1,0.625,1,2
jmeter-2_5,org.apache.jmeter.timers,GaussianRandomTimer,1,0,2,2,12,2,0,3,1.0,0,1
jmeter-2_5,org.apache.jmeter.timers,JSR223Timer,2,0,1,1,32,3,0,1,0.0,0,0
jmeter-2_5,org.apache.jmeter.timers,JSR223TimerBeanInfo,0,0,1,1,5,1,0,0,-1.0,0,0
jmeter-2_5,org.apache.jmeter.timers,RandomTimer,3,1,4,4,30,4,2,2,0.5,2,0
jmeter-2_5,org.apache.jmeter.timers,SyncTimer,5,0,5,4,58,6,0,1,0.0,1,2
jmeter-2_5,org.apache.jmeter.timers,SyncTimerBeanInfo,0,0,1,1,9,1,0,0,-1.0,0,0
jmeter-2_5,org.apache.jmeter.timers,UniformRandomTimer,1,0,2,2,12,2,0,3,1.0,0,1
jmeter-2_5,org.apache.jmeter.timers,Timer,0,0,1,1,10,1,7,0,-1.0,2,0
jmeter-2_5,org.apache.jmeter.timers,PackageTest,1,0,5,5,62,8,0,0,1.0,0,7
jmeter-2_5,org.apache.jmeter.timers.gui,ConstantTimerGui,4,0,8,7,77,8,0,1,0.375,0,4
jmeter-2_5,org.apache.jmeter.timers.gui,GaussianRandomTimerGui,7,0,8,7,94,8,0,1,0.375,0,4
jmeter-2_5,org.apache.jmeter.timers.gui,UniformRandomTimerGui,7,0,8,7,93,8,0,1,0.375,0,4
jmeter-2_5,org.apache.jmeter.timers.gui,AbstractTimerGui,1,0,2,2,21,2,3,0,1.0,0,1
jmeter-2_5,org.apache.jmeter.visualizers,AccumListener,0,0,1,1,3,1,0,0,-1.0,0,1
jmeter-2_5,org.apache.jmeter.visualizers,AssertionVisualizer,2,0,6,4,57,9,0,0,0.3333333333333333,0,3
jmeter-2_5,org.apache.jmeter.visualizers,AxisGraph,13,0,16,13,135,24,0,0,0.3125,2,0
jmeter-2_5,org.apache.jmeter.visualizers,BSFListener,2,0,5,5,30,6,0,1,1.0,0,2
jmeter-2_5,org.apache.jmeter.visualizers,BSFListenerBeanInfo,0,0,1,1,5,1,0,0,-1.0,0,0
jmeter-2_5,org.apache.jmeter.visualizers,BeanShellListener,3,0,6,5,33,7,0,1,1.0,0,3
jmeter-2_5,org.apache.jmeter.visualizers,BeanShellListenerBeanInfo,0,0,1,1,5,1,0,0,-1.0,0,0
jmeter-2_5,org.apache.jmeter.visualizers,ComparisonVisualizer,6,0,10,5,103,15,0,0,0.2,0,4
jmeter-2_5,org.apache.jmeter.visualizers,Selector,0,0,1,1,28,4,0,0,-1.0,0,4
jmeter-2_5,org.apache.jmeter.visualizers,DistributionGraph,3,0,12,9,132,18,0,0,0.6666666666666666,1,1
jmeter-2_5,org.apache.jmeter.visualizers,DistributionGraphVisualizer,7,0,13,9,112,15,0,1,0.23076923076923078,0,5
jmeter-2_5,org.apache.jmeter.visualizers,Graph,11,0,18,17,175,32,0,0,0.2777777777777778,1,3
jmeter-2_5,org.apache.jmeter.visualizers,GraphAccum,9,0,17,15,269,35,0,1,0.29411764705882354,1,4
jmeter-2_5,org.apache.jmeter.visualizers,GraphAccumListener,0,0,2,2,4,2,2,0,-1.0,1,1
jmeter-2_5,org.apache.jmeter.visualizers,GraphAccumModel,8,0,11,9,126,17,0,0,0.18181818181818182,2,2
jmeter-2_5,org.apache.jmeter.visualizers,GraphAccumVisualizer,5,0,10,9,108,10,0,1,0.3,1,4
jmeter-2_5,org.apache.jmeter.visualizers,GraphListener,0,0,2,2,4,2,3,0,-1.0,1,1
jmeter-2_5,org.apache.jmeter.visualizers,GraphVisualizer,19,0,20,8,263,25,0,1,0.15,0,6
jmeter-2_5,org.apache.jmeter.visualizers,JSR223Listener,2,0,5,5,30,6,0,1,1.0,0,2
jmeter-2_5,org.apache.jmeter.visualizers,JSR223ListenerBeanInfo,0,0,1,1,5,1,0,0,-1.0,0,0
jmeter-2_5,org.apache.jmeter.visualizers,LineGraph,14,0,19,18,162,27,0,0,0.21052631578947367,1,0
jmeter-2_5,org.apache.jmeter.visualizers,MailerVisualizer,11,0,15,12,235,21,0,0,0.26666666666666666,0,5
jmeter-2_5,org.apache.jmeter.visualizers,ModelListener,0,0,2,2,13,2,0,0,-1.0,0,0
jmeter-2_5,org.apache.jmeter.visualizers,PropertyControlGui,12,0,14,9,134,22,0,0,0.35714285714285715,0,5
jmeter-2_5,org.apache.jmeter.visualizers,RenderAsHTML,5,0,6,4,66,13,1,2,0.6666666666666666,0,3
jmeter-2_5,org.apache.jmeter.visualizers,LocalHTMLEditorKit,2,0,2,2,22,5,0,0,1.0,0,0
jmeter-2_5,org.apache.jmeter.visualizers,LocalHTMLFactory,0,0,1,1,15,4,0,0,-1.0,0,0
jmeter-2_5,org.apache.jmeter.visualizers,RenderAsHTMLWithEmbedded,0,0,2,1,14,2,0,3,-1.0,0,2
jmeter-2_5,org.apache.jmeter.visualizers,RenderAsJSON,6,0,4,2,75,12,0,2,0.5,1,4
jmeter-2_5,org.apache.jmeter.visualizers,RenderAsRegexp,7,0,15,11,158,22,0,1,0.26666666666666666,0,5
jmeter-2_5,org.apache.jmeter.visualizers,RenderAsText,0,0,3,2,21,3,0,2,-1.0,0,3
jmeter-2_5,org.apache.jmeter.visualizers,RenderAsXML,5,0,11,6,136,22,0,2,0.8181818181818182,1,5
jmeter-2_5,org.apache.jmeter.visualizers,DOMTreePanel,3,0,5,2,88,13,0,0,0.8,0,0
jmeter-2_5,org.apache.jmeter.visualizers,DomTreeRenderer,1,0,3,1,49,9,0,0,0.0,0,0
jmeter-2_5,org.apache.jmeter.visualizers,RequestPanel,4,0,4,4,70,10,0,0,0.0,1,4
jmeter-2_5,org.apache.jmeter.visualizers,RequestView,0,0,5,5,28,5,1,0,-1.0,1,0
jmeter-2_5,org.apache.jmeter.visualizers,RequestViewRaw,3,0,5,5,50,8,0,1,0.4,1,3
jmeter-2_5,org.apache.jmeter.visualizers,ResultRenderer,0,0,10,10,18,10,7,0,-1.0,1,1
jmeter-2_5,org.apache.jmeter.visualizers,SamplerResultTab,43,3,20,14,330,38,4,1,0.1,0,8
jmeter-2_5,org.apache.jmeter.visualizers,RowResult,2,0,5,5,35,5,0,0,0.0,0,0
jmeter-2_5,org.apache.jmeter.visualizers,SearchTextExtension,17,0,12,7,158,21,0,0,0.25,1,1
jmeter-2_5,org.apache.jmeter.visualizers,EnterAction,1,0,1,1,6,1,0,0,0.0,0,0
jmeter-2_5,org.apache.jmeter.visualizers,SimpleDataWriter,1,0,5,4,35,5,0,0,0.6,0,1
jmeter-2_5,org.apache.jmeter.visualizers,Spline3,12,0,16,12,263,55,0,0,0.0,1,0
jmeter-2_5,org.apache.jmeter.visualizers,SplineModel,9,2,15,15,80,20,0,0,0.2,1,4
jmeter-2_5,org.apache.jmeter.visualizers,SplineVisualizer,24,0,18,12,201,25,0,1,0.2777777777777778,0,6
jmeter-2_5,org.apache.jmeter.visualizers,SplineGraph,5,0,3,3,48,6,0,0,0.6666666666666666,1,1
jmeter-2_5,org.apache.jmeter.visualizers,StatGraphVisualizer,28,0,12,11,229,28,0,0,0.16666666666666666,2,16
jmeter-2_5,org.apache.jmeter.visualizers,StatVisualizer,14,0,9,8,122,12,0,0,0.2222222222222222,2,9
jmeter-2_5,org.apache.jmeter.visualizers,SummaryReport,14,0,9,8,122,12,0,0,0.2222222222222222,2,9
jmeter-2_5,org.apache.jmeter.visualizers,TableVisualizer,15,0,10,8,148,12,0,0,0.5,2,7
jmeter-2_5,org.apache.jmeter.visualizers,SampleSuccessFunctor,0,0,2,2,19,4,0,0,-1.0,0,0
jmeter-2_5,org.apache.jmeter.visualizers,TreeNodeRenderer,3,0,2,2,25,4,0,0,1.0,0,0
jmeter-2_5,org.apache.jmeter.visualizers,ViewResultsFullVisualizer,20,3,13,8,248,36,0,0,0.23076923076923078,4,5
jmeter-2_5,org.apache.jmeter.visualizers,ResultsNodeRenderer,1,0,1,1,23,4,0,0,0.0,0,1
jmeter-2_5,org.apache.jmeter.visualizers,XMLDefaultMutableTreeNode,3,0,11,4,139,21,0,0,0.2727272727272727,1,1
jmeter-2_5,org.apache.jmeter.visualizers,CachingStatCalculator,1,0,5,5,32,6,0,1,0.4,3,2
jmeter-2_5,org.apache.jmeter.visualizers,ImageVisualizer,0,0,1,1,7,1,5,0,-1.0,0,0
jmeter-2_5,org.apache.jmeter.visualizers,Printable,0,0,1,0,6,1,0,0,-1.0,0,0
jmeter-2_5,org.apache.jmeter.visualizers,RunningSample,11,0,20,19,240,41,0,0,0.0,4,2
jmeter-2_5,org.apache.jmeter.visualizers,Sample,14,0,21,21,149,21,0,0,0.09523809523809523,9,1
jmeter-2_5,org.apache.jmeter.visualizers,SamplingStatCalculator,5,0,28,25,206,39,1,0,0.07142857142857142,9,3
jmeter-2_5,org.apache.jmeter.visualizers,Visualizer,0,0,2,2,14,2,3,0,-1.0,4,1
jmeter-2_5,org.apache.jmeter.visualizers,MonitorAccumModel,6,0,15,14,163,25,0,0,0.0,4,7
jmeter-2_5,org.apache.jmeter.visualizers,MonitorGraph,9,0,11,10,137,22,0,1,0.18181818181818182,2,2
jmeter-2_5,org.apache.jmeter.visualizers,MonitorGuiListener,0,0,2,0,4,2,2,0,-1.0,0,1
jmeter-2_5,org.apache.jmeter.visualizers,MonitorHealthPanel,10,0,5,4,85,7,0,1,0.0,1,4
jmeter-2_5,org.apache.jmeter.visualizers,MonitorHealthVisualizer,11,0,15,10,110,15,0,1,0.3333333333333333,0,10
jmeter-2_5,org.apache.jmeter.visualizers,MonitorListener,0,0,1,1,3,1,2,0,-1.0,1,1
jmeter-2_5,org.apache.jmeter.visualizers,MonitorModel,2,0,17,17,76,17,0,0,0.11764705882352941,8,1
jmeter-2_5,org.apache.jmeter.visualizers,MonitorPerformancePanel,26,0,9,5,193,14,0,1,0.0,1,4
jmeter-2_5,org.apache.jmeter.visualizers,MonitorStats,10,0,21,21,101,21,0,0,0.09523809523809523,3,0
jmeter-2_5,org.apache.jmeter.visualizers,MonitorTabPane,1,0,1,1,8,1,0,0,0.0,1,0
jmeter-2_5,org.apache.jmeter.visualizers,ServerPanel,21,0,7,4,140,21,0,1,0.2857142857142857,2,3
jmeter-2_5,org.apache.jmeter.visualizers,TestSamplingStatCalculator,1,0,3,3,20,3,0,0,0.0,0,2
jmeter-2_5,org.apache.jmeter,DynamicClassLoader,0,0,5,5,26,6,0,0,-1.0,2,1
jmeter-2_5,org.apache.jmeter,JMeter,37,3,31,15,843,122,0,0,0.12903225806451613,9,35
jmeter-2_5,org.apache.jmeter,ListenToTest,2,0,7,7,56,10,0,0,0.7142857142857143,0,5
jmeter-2_5,org.apache.jmeter,NewDriver,6,0,7,6,151,10,0,0,0.42857142857142855,3,1
jmeter-2_5,org.apache.jmeter,ProxyAuthenticator,2,0,2,1,38,4,0,0,0.0,0,0
jmeter-2_5,org.apache.jmeter,JMeterReport,16,0,7,6,201,25,0,0,0.42857142857142855,0,19
jmeter-2_5,org.apache.jmeter.config.gui,AbstractConfigGui,1,0,2,2,20,2,3,0,1.0,0,1
jmeter-2_5,org.apache.jmeter.config.gui,ArgumentsPanel,12,2,27,12,321,45,0,1,0.07407407407407407,11,7
jmeter-2_5,org.apache.jmeter.config.gui,LoginConfigGui,4,0,10,7,101,11,0,1,0.3,3,4
jmeter-2_5,org.apache.jmeter.config.gui,ObsoleteGui,2,0,7,6,29,7,0,0,0.8571428571428571,0,1
jmeter-2_5,org.apache.jmeter.config.gui,SimpleConfigGui,10,0,14,7,200,26,0,1,0.21428571428571427,0,6
jmeter-2_5,org.apache.jmeter.config.gui,TestArgumentsPanel,0,0,2,2,24,2,0,0,-1.0,0,1
jmeter-2_5,org.apache.jmeter.engine,ClientJMeterEngine,6,0,10,9,143,15,0,1,0.2,3,11
jmeter-2_5,org.apache.jmeter.engine,ConvertListeners,1,0,3,3,55,10,0,0,1.0,1,5
jmeter-2_5,org.apache.jmeter.engine,JMeterEngine,0,0,7,0,9,7,2,0,-1.0,4,1
jmeter-2_5,org.apache.jmeter.engine,JMeterEngineException,1,0,4,4,18,4,0,0,1.0,0,0
jmeter-2_5,org.apache.jmeter.engine,PreCompiler,3,0,5,5,64,10,0,0,0.6,2,4
jmeter-2_5,org.apache.jmeter.engine,RemoteJMeterEngine,0,0,6,0,8,6,1,0,-1.0,1,1
jmeter-2_5,org.apache.jmeter.engine,RemoteJMeterEngineImpl,9,1,10,7,132,17,0,1,0.2,3,4
jmeter-2_5,org.apache.jmeter.engine,StandardJMeterEngine,15,0,32,20,448,90,0,1,0.0625,6,15
jmeter-2_5,org.apache.jmeter.engine,StopTest,1,0,2,1,30,6,0,0,0.0,0,2
jmeter-2_5,org.apache.jmeter.engine,TreeCloner,3,0,6,6,37,7,0,0,0.5,4,2
jmeter-2_5,org.apache.jmeter.engine,TurnElementsOn,0,0,3,3,20,4,0,0,-1.0,0,1
jmeter-2_5,org.apache.jmeter.engine,TestTreeCloner,0,0,2,2,48,4,0,0,-1.0,0,9
jmeter-2_5,org.apache.jmeter.engine.event,LoopIterationEvent,2,0,3,3,25,3,0,0,0.0,37,1
jmeter-2_5,org.apache.jmeter.engine.event,LoopIterationListener,0,0,1,1,10,1,0,0,-1.0,3,1
jmeter-2_5,org.apache.jmeter.engine.util,AbstractTransformer,2,0,4,3,22,4,3,1,0.5,0,1
jmeter-2_5,org.apache.jmeter.engine.util,CompoundVariable,8,0,13,12,161,22,0,0,0.38461538461538464,13,6
jmeter-2_5,org.apache.jmeter.engine.util,FunctionParser,1,0,3,0,195,30,0,0,0.0,1,2
jmeter-2_5,org.apache.jmeter.engine.util,NoThreadClone,0,0,0,0,6,0,0,0,-1.0,0,0
jmeter-2_5,org.apache.jmeter.engine.util,ReplaceFunctionsWithStrings,4,0,3,3,43,5,0,2,0.6666666666666666,0,5
jmeter-2_5,org.apache.jmeter.engine.util,ReplaceStringWithFunctions,0,0,2,2,16,3,0,2,-1.0,2,2
jmeter-2_5,org.apache.jmeter.engine.util,SimpleVariable,1,0,6,5,33,8,0,0,0.0,0,3
jmeter-2_5,org.apache.jmeter.engine.util,UndoVariableReplacement,0,0,2,2,18,3,0,2,-1.0,0,4
jmeter-2_5,org.apache.jmeter.engine.util,ValueReplacer,3,0,12,9,88,22,0,0,0.16666666666666666,6,7
jmeter-2_5,org.apache.jmeter.engine.util,ValueTransformer,0,0,3,3,18,3,1,0,-1.0,1,2
jmeter-2_5,org.apache.jmeter.engine.util,PackageTest,4,0,19,19,141,19,0,0,0.10526315789473684,0,6
jmeter-2_5,org.apache.jmeter.engine.util,TestValueReplacer,1,0,5,4,51,5,0,0,0.6,0,5
jmeter-2_5,org.apache.jmeter.exceptions,IllegalUserActionException,1,0,2,2,14,2,0,0,1.0,0,0
jmeter-2_5,org.apache.jmeter.functions,AbstractFunction,0,0,8,4,65,11,29,1,-1.0,2,4
jmeter-2_5,org.apache.jmeter.functions,Function,0,0,4,4,23,4,1,0,-1.0,3,2
jmeter-2_5,org.apache.jmeter.functions,InvalidVariableException,1,0,2,2,8,2,0,0,1.0,0,0
jmeter-2_5,org.apache.jmeter.functions,BeanShell,6,1,6,6,86,12,0,2,0.6666666666666666,1,7
jmeter-2_5,org.apache.jmeter.functions,CSVRead,4,0,5,5,70,9,0,2,0.8,1,3
jmeter-2_5,org.apache.jmeter.functions,CharFunction,4,0,5,5,57,7,0,2,0.8,0,2
jmeter-2_5,org.apache.jmeter.functions,EscapeHtml,3,0,5,5,40,5,0,2,0.8,0,2
jmeter-2_5,org.apache.jmeter.functions,EvalFunction,5,0,5,5,42,5,0,2,0.8,1,3
jmeter-2_5,org.apache.jmeter.functions,EvalVarFunction,6,0,5,5,49,6,0,2,0.8,1,4
jmeter-2_5,org.apache.jmeter.functions,FileRowColContainer,6,1,9,6,127,16,0,0,0.0,3,1
jmeter-2_5,org.apache.jmeter.functions,FileToString,9,0,5,5,76,11,0,2,0.8,0,3
jmeter-2_5,org.apache.jmeter.functions,FileWrapper,7,0,11,5,135,25,0,0,0.18181818181818182,2,2
jmeter-2_5,org.apache.jmeter.functions,IntSum,3,0,5,5,60,7,0,2,0.8,1,3
jmeter-2_5,org.apache.jmeter.functions,IterationCounter,5,0,7,5,71,10,0,2,0.5714285714285714,0,3
jmeter-2_5,org.apache.jmeter.functions,JavaScript,4,0,5,5,65,6,0,2,0.8,0,6
jmeter-2_5,org.apache.jmeter.functions,JexlFunction,4,0,4,4,70,7,0,2,0.75,1,7
jmeter-2_5,org.apache.jmeter.functions,LogFunction,8,0,7,5,116,18,0,2,0.5714285714285714,2,3
jmeter-2_5,org.apache.jmeter.functions,LogFunction2,7,0,5,5,60,8,0,2,0.8,0,3
jmeter-2_5,org.apache.jmeter.functions,LongSum,3,0,5,5,60,7,0,2,0.8,1,3
jmeter-2_5,org.apache.jmeter.functions,MachineName,3,0,5,5,45,8,0,2,0.8,0,4
jmeter-2_5,org.apache.jmeter.functions,Property,5,0,5,5,57,9,0,2,0.8,0,4
jmeter-2_5,org.apache.jmeter.functions,Property2,5,0,5,5,47,6,0,2,0.8,0,3
jmeter-2_5,org.apache.jmeter.functions,Random,5,0,5,5,62,8,0,2,0.8,1,4
jmeter-2_5,org.apache.jmeter.functions,RegexFunction,11,3,9,5,218,39,0,2,0.3333333333333333,1,4
jmeter-2_5,org.apache.jmeter.functions,SamplerName,3,0,4,4,49,8,0,2,0.75,0,3
jmeter-2_5,org.apache.jmeter.functions,SetProperty,5,0,5,5,54,7,0,2,0.8,0,3
jmeter-2_5,org.apache.jmeter.functions,SplitFunction,6,0,5,5,63,9,0,2,0.8,1,4
jmeter-2_5,org.apache.jmeter.functions,StringFromFile,20,0,13,10,226,34,0,2,0.46153846153846156,1,4
jmeter-2_5,org.apache.jmeter.functions,ThreadNumber,2,0,4,4,31,4,0,2,1.0,0,2
jmeter-2_5,org.apache.jmeter.functions,TimeFunction,5,0,5,5,72,11,0,2,0.8,0,3
jmeter-2_5,org.apache.jmeter.functions,UnEscape,3,0,5,5,40,5,0,2,0.8,0,2
jmeter-2_5,org.apache.jmeter.functions,UnEscapeHtml,3,0,5,5,40,5,0,2,0.8,0,2
jmeter-2_5,org.apache.jmeter.functions,Variable,5,0,5,5,42,5,0,2,0.8,1,2
jmeter-2_5,org.apache.jmeter.functions,XPath,4,0,5,5,57,9,0,2,0.8,1,3
jmeter-2_5,org.apache.jmeter.functions,XPathFileContainer,5,0,7,5,82,8,0,0,0.0,2,1
jmeter-2_5,org.apache.jmeter.functions,XPathWrapper,3,0,5,2,83,10,0,0,0.6,1,1
jmeter-2_5,org.apache.jmeter.functions,PackageTest,12,0,45,35,737,61,0,0,0.17777777777777778,1,20
jmeter-2_5,org.apache.jmeter.functions,Baton,0,0,2,0,14,2,0,0,-1.0,1,0
jmeter-2_5,org.apache.jmeter.functions,TestFileRowColContainer,0,0,6,6,103,6,0,0,-1.0,0,1
jmeter-2_5,org.apache.jmeter.functions,TestJexlFunction,5,0,7,7,53,7,0,0,0.2857142857142857,0,5
jmeter-2_5,org.apache.jmeter.functions,TestRegexFunction,6,0,21,21,292,21,0,0,0.09523809523809523,0,5
jmeter-2_5,org.apache.jmeter.functions,TestTimeFunction,6,0,15,15,119,15,0,0,0.13333333333333333,0,5
jmeter-2_5,org.apache.jmeter.functions.gui,FunctionHelper,6,0,6,4,109,11,0,0,0.0,1,12
jmeter-2_5,org.apache.jmeter.functions.gui,HelpListener,0,0,1,1,7,1,0,0,-1.0,0,2
jmeter-2_5,org.apache.jmeter.functions.util,ArgumentDecoder,2,0,2,1,15,2,0,0,1.0,0,0
jmeter-2_5,org.apache.jmeter.functions.util,ArgumentEncoder,2,0,2,1,15,2,0,0,1.0,0,0
jmeter-2_5,org.apache.jmeter.gui,AbstractJMeterGuiComponent,5,0,21,12,191,24,1,1,0.23809523809523808,0,5
jmeter-2_5,org.apache.jmeter.gui,AbstractScopedJMeterGuiComponent,2,0,7,2,84,16,0,2,0.2857142857142857,0,3
jmeter-2_5,org.apache.jmeter.gui,CommentPanel,2,0,5,4,39,5,0,0,0.0,1,1
jmeter-2_5,org.apache.jmeter.gui,GUIFactory,3,0,7,6,97,12,0,0,0.42857142857142855,4,2
jmeter-2_5,org.apache.jmeter.gui,GuiPackage,12,0,36,34,443,49,0,0,0.08333333333333333,47,11
jmeter-2_5,org.apache.jmeter.gui,JMeterFileFilter,2,0,5,5,57,8,0,0,0.4,1,0
jmeter-2_5,org.apache.jmeter.gui,JMeterGUIComponent,0,0,13,1,78,13,2,0,-1.0,12,1
jmeter-2_5,org.apache.jmeter.gui,MainFrame,17,0,33,27,374,51,0,0,0.15151515151515152,3,9
jmeter-2_5,org.apache.jmeter.gui,WindowHappenings,0,0,1,1,12,1,0,0,-1.0,0,2
jmeter-2_5,org.apache.jmeter.gui,NamePanel,3,0,13,12,101,14,0,1,0.3076923076923077,1,3
jmeter-2_5,org.apache.jmeter.gui,OnErrorPanel,5,0,5,3,57,8,0,0,0.0,1,2
jmeter-2_5,org.apache.jmeter.gui,SavePropertyDialog,8,0,8,6,98,14,0,0,0.25,1,3
jmeter-2_5,org.apache.jmeter.gui,ServerPanel,5,0,15,10,106,15,0,0,0.0,1,1
jmeter-2_5,org.apache.jmeter.gui,UnsharedComponent,0,0,0,0,5,0,0,0,-1.0,0,0
jmeter-2_5,org.apache.jmeter.gui,ReportGuiPackage,12,0,31,29,418,45,0,0,0.0967741935483871,29,11
jmeter-2_5,org.apache.jmeter.gui,ReportMainFrame,12,0,28,22,285,35,0,0,0.32142857142857145,3,7
jmeter-2_5,org.apache.jmeter.gui,WindowHappenings,0,0,1,1,12,1,0,0,-1.0,0,1
jmeter-2_5,org.apache.jmeter.gui.action,AboutCommand,2,0,4,3,63,6,0,1,0.5,1,4
jmeter-2_5,org.apache.jmeter.gui.action,AbstractAction,1,0,3,2,23,5,8,1,1.0,0,4
jmeter-2_5,org.apache.jmeter.gui.action,ActionNames,55,55,1,0,59,1,0,0,0.0,47,0
jmeter-2_5,org.apache.jmeter.gui.action,ActionRouter,5,0,16,11,236,43,0,0,0.125,20,5
jmeter-2_5,org.apache.jmeter.gui.action,AddParent,2,0,5,3,43,6,0,1,0.6,0,4
jmeter-2_5,org.apache.jmeter.gui.action,AddToTree,2,0,3,3,47,5,0,1,1.0,0,5
jmeter-2_5,org.apache.jmeter.gui.action,Analyze,1,0,3,3,23,4,0,1,1.0,0,4
jmeter-2_5,org.apache.jmeter.gui.action,ChangeLanguage,2,0,2,2,37,3,0,1,1.0,0,2
jmeter-2_5,org.apache.jmeter.gui.action,CheckDirty,6,0,7,7,107,19,0,2,0.5714285714285714,0,7
jmeter-2_5,org.apache.jmeter.gui.action,Clear,2,0,3,3,49,8,0,1,1.0,0,5
jmeter-2_5,org.apache.jmeter.gui.action,Close,1,0,5,3,54,8,0,1,0.6,4,5
jmeter-2_5,org.apache.jmeter.gui.action,CollapseExpand,1,0,3,3,40,6,0,1,1.0,0,2
jmeter-2_5,org.apache.jmeter.gui.action,Command,0,0,2,2,4,2,21,0,-1.0,2,0
jmeter-2_5,org.apache.jmeter.gui.action,Copy,3,0,9,8,65,15,0,2,0.3333333333333333,3,5
jmeter-2_5,org.apache.jmeter.gui.action,CreateFunctionDialog,2,0,3,3,20,3,0,2,0.6666666666666666,0,2
jmeter-2_5,org.apache.jmeter.gui.action,Cut,1,0,2,2,27,3,0,2,1.0,0,4
jmeter-2_5,org.apache.jmeter.gui.action,DragNDrop,1,0,4,2,64,14,0,2,0.5,1,7
jmeter-2_5,org.apache.jmeter.gui.action,EditCommand,1,0,3,3,27,4,0,1,1.0,0,2
jmeter-2_5,org.apache.jmeter.gui.action,EnableComponent,2,0,3,2,38,6,0,1,0.6666666666666666,0,3
jmeter-2_5,org.apache.jmeter.gui.action,ExitCommand,1,0,3,3,40,7,0,1,1.0,1,4
jmeter-2_5,org.apache.jmeter.gui.action,Help,9,1,3,2,70,6,0,1,0.6666666666666666,2,5
jmeter-2_5,org.apache.jmeter.gui.action,KeyStrokes,28,27,2,1,42,2,0,0,1.0,5,0
jmeter-2_5,org.apache.jmeter.gui.action,Load,3,0,6,5,136,24,1,1,0.5,3,13
jmeter-2_5,org.apache.jmeter.gui.action,LoadRecentProject,4,0,11,6,179,32,0,2,0.36363636363636365,3,4
jmeter-2_5,org.apache.jmeter.gui.action,LookAndFeelCommand,2,0,5,3,79,10,0,1,0.8,1,4
jmeter-2_5,org.apache.jmeter.gui.action,Paste,2,0,3,2,47,7,0,2,0.6666666666666666,0,7
jmeter-2_5,org.apache.jmeter.gui.action,RemoteStart,6,0,9,3,152,25,0,2,0.3333333333333333,0,6
jmeter-2_5,org.apache.jmeter.gui.action,Remove,1,0,4,3,43,6,0,1,0.75,1,6
jmeter-2_5,org.apache.jmeter.gui.action,RevertProject,1,0,3,3,30,6,0,1,1.0,0,6
jmeter-2_5,org.apache.jmeter.gui.action,SSLManagerCommand,2,0,5,4,66,7,0,1,0.8,1,5
jmeter-2_5,org.apache.jmeter.gui.action,AcceptPKCS12FileFilter,0,0,2,2,20,2,0,0,-1.0,0,1
jmeter-2_5,org.apache.jmeter.gui.action,Save,3,1,4,3,98,16,0,1,0.5,1,10
jmeter-2_5,org.apache.jmeter.gui.action,SaveGraphics,2,0,4,3,71,14,0,1,0.5,0,6
jmeter-2_5,org.apache.jmeter.gui.action,Start,3,0,4,3,60,9,0,2,0.75,0,7
jmeter-2_5,org.apache.jmeter.gui.action,What,1,0,2,2,34,5,0,1,1.0,0,5
jmeter-2_5,org.apache.jmeter.gui.action,PackageTest,0,0,3,3,9,3,0,0,-1.0,0,0
jmeter-2_5,org.apache.jmeter.gui.action,TestLoad,7,0,8,5,74,10,0,0,0.25,1,3
jmeter-2_5,org.apache.jmeter.gui.action,TestSave,1,0,3,3,20,3,0,0,0.6666666666666666,0,3
jmeter-2_5,org.apache.jmeter.gui.tree,JMeterCellRenderer,1,0,2,2,31,6,0,0,1.0,0,0
jmeter-2_5,org.apache.jmeter.gui.tree,JMeterTreeListener,8,0,28,22,217,51,0,0,0.32142857142857145,6,9
jmeter-2_5,org.apache.jmeter.gui.tree,JMeterTreeModel,1,0,15,12,161,29,0,0,0.4666666666666667,5,8
jmeter-2_5,org.apache.jmeter.gui.tree,JMeterTreeNode,3,0,15,15,101,19,0,1,0.4666666666666667,26,4
jmeter-2_5,org.apache.jmeter.gui.tree,NamedTreeNode,0,0,3,0,5,3,1,0,-1.0,0,0
jmeter-2_5,org.apache.jmeter.gui.util,ButtonPanel,11,5,3,2,74,8,0,0,0.0,0,1
jmeter-2_5,org.apache.jmeter.gui.util,FileDialoger,2,0,6,4,93,17,0,0,0.3333333333333333,14,3
jmeter-2_5,org.apache.jmeter.gui.util,FileListPanel,11,0,15,11,139,24,0,0,0.0,1,4
jmeter-2_5,org.apache.jmeter.gui.util,FilePanel,8,0,13,11,108,18,0,1,0.15384615384615385,6,1
jmeter-2_5,org.apache.jmeter.gui.util,FocusRequester,2,0,2,2,16,2,0,0,0.0,0,0
jmeter-2_5,org.apache.jmeter.gui.util,HeaderAsPropertyRenderer,1,0,3,2,36,6,0,0,0.6666666666666666,1,1
jmeter-2_5,org.apache.jmeter.gui.util,HorizontalPanel,4,0,4,4,32,6,3,0,0.5,14,0
jmeter-2_5,org.apache.jmeter.gui.util,JDateField,3,0,12,7,103,17,0,0,0.4166666666666667,2,1
jmeter-2_5,org.apache.jmeter.gui.util,KeyFocus,0,0,2,1,12,4,0,0,-1.0,0,0
jmeter-2_5,org.apache.jmeter.gui.util,FocusClass,0,0,3,2,14,3,0,0,-1.0,0,0
jmeter-2_5,org.apache.jmeter.gui.util,JLabeledRadioI18N,4,0,10,8,104,16,0,0,0.3,2,1
jmeter-2_5,org.apache.jmeter.gui.util,JMeterColor,4,3,2,2,12,2,0,0,1.0,3,0
jmeter-2_5,org.apache.jmeter.gui.util,JMeterMenuBar,40,0,33,15,487,79,0,0,0.06060606060606061,5,10
jmeter-2_5,org.apache.jmeter.gui.util,LangMenuHelper,2,0,2,0,19,2,0,0,0.0,1,3
jmeter-2_5,org.apache.jmeter.gui.util,MenuFactory,30,11,40,23,486,89,0,0,0.225,26,11
jmeter-2_5,org.apache.jmeter.gui.util,MenuInfoComparator,1,0,1,1,9,1,0,0,0.0,0,1
jmeter-2_5,org.apache.jmeter.gui.util,MenuInfo,3,0,4,4,27,5,0,0,0.0,3,1
jmeter-2_5,org.apache.jmeter.gui.util,NumberFieldErrorListener,1,0,2,2,23,4,0,0,1.0,1,2
jmeter-2_5,org.apache.jmeter.gui.util,PowerTableModel,4,0,22,20,249,32,0,0,0.13636363636363635,5,1
jmeter-2_5,org.apache.jmeter.gui.util,TextAreaCellRenderer,1,0,2,2,18,4,0,0,0.0,1,1
jmeter-2_5,org.apache.jmeter.gui.util,TextAreaTableCellEditor,7,0,24,24,194,25,0,0,0.25,0,1
jmeter-2_5,org.apache.jmeter.gui.util,EditorDelegate,2,0,11,11,88,12,0,0,0.9090909090909091,1,0
jmeter-2_5,org.apache.jmeter.gui.util,TextBoxDialoger,10,0,13,10,138,19,0,0,0.0,2,4
jmeter-2_5,org.apache.jmeter.gui.util,TextBoxDoubleClick,1,0,2,2,17,3,0,0,0.0,0,0
jmeter-2_5,org.apache.jmeter.gui.util,TextBoxDoubleClickPressed,1,0,2,2,23,5,0,0,0.0,0,1
jmeter-2_5,org.apache.jmeter.gui.util,VerticalPanel,4,0,4,4,32,6,0,0,0.5,25,0
jmeter-2_5,org.apache.jmeter.gui.util,DirectoryDialoger,2,0,2,1,29,5,0,0,1.0,1,2
jmeter-2_5,org.apache.jmeter.gui.util,DirectoryPanel,7,0,12,10,87,15,0,1,0.16666666666666666,1,1
jmeter-2_5,org.apache.jmeter.gui.util,ReportFileDialoger,2,0,6,4,89,16,0,0,0.3333333333333333,5,2
jmeter-2_5,org.apache.jmeter.gui.util,ReportFilePanel,7,0,11,9,87,14,0,1,0.18181818181818182,1,1
jmeter-2_5,org.apache.jmeter.gui.util,ReportMenuBar,35,3,20,12,347,45,0,0,0.0,1,8
jmeter-2_5,org.apache.jmeter.gui.util,ReportMenuFactory,22,9,17,14,237,38,0,0,0.47058823529411764,8,10
jmeter-2_5,org.apache.jmeter.gui.util,TestMenuFactory,0,0,4,3,24,4,0,0,-1.0,1,2
jmeter-2_5,org.apache.jmeter.plugin,JMeterPlugin,0,0,2,2,4,2,0,0,-1.0,1,0
jmeter-2_5,org.apache.jmeter.plugin,PluginManager,2,0,3,1,38,8,0,0,0.6666666666666666,3,3
jmeter-2_5,org.apache.jmeter.processor,PostProcessor,0,0,1,1,10,1,0,0,-1.0,2,0
jmeter-2_5,org.apache.jmeter.processor,PreProcessor,0,0,1,1,7,1,0,0,-1.0,2,0
jmeter-2_5,org.apache.jmeter.processor.gui,AbstractPostProcessorGui,1,0,1,1,9,1,0,0,0.0,0,1
jmeter-2_5,org.apache.jmeter.processor.gui,AbstractPreProcessorGui,1,0,2,2,9,2,0,0,1.0,0,1
jmeter-2_5,org.apache.jmeter.reporters.gui,ResultActionGui,2,0,7,6,56,7,0,0,0.2857142857142857,0,4
jmeter-2_5,org.apache.jmeter.reporters.gui,ResultSaverGui,7,0,10,7,107,10,0,0,0.3,0,4
jmeter-2_5,org.apache.jmeter.reporters.gui,SummariserGui,1,0,6,5,36,6,0,0,0.6666666666666666,0,2
jmeter-2_5,org.apache.jmeter.samplers,AbstractSampler,1,0,0,0,3,0,1,1,-1.0,0,0
jmeter-2_5,org.apache.jmeter.samplers,BatchSampleSender,9,0,7,4,113,16,0,1,0.0,1,2
jmeter-2_5,org.apache.jmeter.samplers,Clearable,0,0,1,1,9,1,0,0,-1.0,1,0
jmeter-2_5,org.apache.jmeter.samplers,DataStrippingSampleSender,4,0,6,4,51,10,0,1,0.0,0,4
jmeter-2_5,org.apache.jmeter.samplers,Entry,3,0,9,8,47,12,0,0,0.2222222222222222,27,2
jmeter-2_5,org.apache.jmeter.samplers,HoldSampleSender,4,0,5,4,80,11,0,1,0.0,1,2
jmeter-2_5,org.apache.jmeter.samplers,Interruptible,0,0,1,1,10,1,0,0,-1.0,0,0
jmeter-2_5,org.apache.jmeter.samplers,RemoteListenerWrapper,4,0,10,10,80,14,0,1,0.2,1,5
jmeter-2_5,org.apache.jmeter.samplers,RemoteSampleListener,0,0,8,8,28,8,1,0,-1.0,10,1
jmeter-2_5,org.apache.jmeter.samplers,RemoteSampleListenerImpl,3,0,10,10,82,22,0,1,0.0,0,4
jmeter-2_5,org.apache.jmeter.samplers,RemoteSampleListenerWrapper,3,0,5,5,37,5,0,1,0.4,1,2
jmeter-2_5,org.apache.jmeter.samplers,RemoteTestListenerWrapper,3,0,7,7,52,7,0,0,0.2857142857142857,1,2
jmeter-2_5,org.apache.jmeter.samplers,Remoteable,0,0,0,0,5,0,0,0,-1.0,0,0
jmeter-2_5,org.apache.jmeter.samplers,SampleEvent,11,2,14,12,121,15,0,0,0.21428571428571427,29,2
jmeter-2_5,org.apache.jmeter.samplers,SampleListener,0,0,3,3,18,3,3,0,-1.0,4,1
jmeter-2_5,org.apache.jmeter.samplers,SampleResult,56,3,108,99,899,139,1,0,0.037037037037037035,164,4
jmeter-2_5,org.apache.jmeter.samplers,SampleSaveConfiguration,107,3,72,71,527,77,0,0,0.06944444444444445,10,5
jmeter-2_5,org.apache.jmeter.samplers,SampleSender,0,0,3,3,19,3,5,0,-1.0,3,1
jmeter-2_5,org.apache.jmeter.samplers,SampleSenderFactory,9,0,1,0,53,7,0,0,0.0,1,6
jmeter-2_5,org.apache.jmeter.samplers,Sampler,0,0,1,1,10,1,1,0,-1.0,52,1
jmeter-2_5,org.apache.jmeter.samplers,StandardSampleSender,3,0,5,4,49,6,0,1,0.0,1,2
jmeter-2_5,org.apache.jmeter.samplers,StatisticalSampleResult,3,0,9,9,79,13,0,1,0.4444444444444444,1,2
jmeter-2_5,org.apache.jmeter.samplers,StatisticalSampleSender,12,0,6,4,118,18,0,1,0.0,1,3
jmeter-2_5,org.apache.jmeter.samplers,NullSampler,1,0,1,1,9,1,0,2,0.0,0,1
jmeter-2_5,org.apache.jmeter.samplers,TestSampleResult,2,0,13,11,174,19,0,0,0.6923076923076923,0,2
jmeter-2_5,org.apache.jmeter.samplers,TestSampleSaveConfiguration,0,0,7,7,97,7,0,0,-1.0,0,1
jmeter-2_5,org.apache.jmeter.samplers.gui,AbstractSamplerGui,1,0,2,2,20,2,0,0,1.0,0,1
jmeter-2_5,org.apache.jmeter.save,CSVSaveService,35,1,26,19,768,143,0,0,0.19230769230769232,10,11
jmeter-2_5,org.apache.jmeter.save,StringQuoter,3,0,8,7,39,9,0,0,0.0,1,1
jmeter-2_5,org.apache.jmeter.save,ListenerResultWrapper,3,0,6,6,44,6,0,0,0.5,0,0
jmeter-2_5,org.apache.jmeter.save,SaveGraphicsService,5,5,5,4,101,10,0,0,0.4,4,2
jmeter-2_5,org.apache.jmeter.save,SaveService,25,5,31,16,384,57,0,0,0.1935483870967742,20,8
jmeter-2_5,org.apache.jmeter.save,XStreamWrapper,0,0,4,2,21,6,0,0,-1.0,0,1
jmeter-2_5,org.apache.jmeter.save,ScriptWrapper,2,0,0,0,4,0,0,0,-1.0,2,1
jmeter-2_5,org.apache.jmeter.save,ScriptWrapperConverter,3,0,7,5,81,11,0,0,0.42857142857142855,0,3
jmeter-2_5,org.apache.jmeter.save,TestResultWrapper,3,0,6,6,41,6,0,0,0.5,1,0
jmeter-2_5,org.apache.jmeter.save,TestCSVSaveService,0,0,8,6,68,9,0,0,-1.0,0,1
jmeter-2_5,org.apache.jmeter.save,TestSaveService,2,0,5,5,57,11,0,0,1.0,0,2
jmeter-2_5,org.apache.jmeter.save.converters,BooleanPropertyConverter,1,0,4,4,30,4,0,0,0.75,0,2
jmeter-2_5,org.apache.jmeter.save.converters,ConversionHelp,12,3,13,8,131,23,0,0,0.15384615384615385,11,3
jmeter-2_5,org.apache.jmeter.save.converters,HashTreeConverter,0,0,5,5,52,8,0,0,-1.0,0,1
jmeter-2_5,org.apache.jmeter.save.converters,IntegerPropertyConverter,1,0,4,4,30,4,0,0,0.75,0,2
jmeter-2_5,org.apache.jmeter.save.converters,LongPropertyConverter,1,0,4,4,30,4,0,0,0.75,0,2
jmeter-2_5,org.apache.jmeter.save.converters,MultiPropertyConverter,1,0,5,5,46,7,0,0,0.8,0,4
jmeter-2_5,org.apache.jmeter.save.converters,SampleEventConverter,0,0,4,4,32,4,0,0,-1.0,0,1
jmeter-2_5,org.apache.jmeter.save.converters,SampleResultConverter,30,0,16,5,345,58,0,0,0.25,0,7
jmeter-2_5,org.apache.jmeter.save.converters,SampleSaveConfigurationConverter,11,0,8,7,126,22,0,0,0.75,0,1
jmeter-2_5,org.apache.jmeter.save.converters,MyWrapper,0,0,2,2,41,12,0,0,-1.0,0,0
jmeter-2_5,org.apache.jmeter.save.converters,StringPropertyConverter,1,0,4,4,30,4,0,0,0.75,0,2
jmeter-2_5,org.apache.jmeter.save.converters,TestElementConverter,1,0,5,5,67,11,0,0,1.0,0,6
jmeter-2_5,org.apache.jmeter.save.converters,TestElementPropertyConverter,2,0,5,5,75,12,0,0,1.0,0,6
jmeter-2_5,org.apache.jmeter.save.converters,TestResultWrapperConverter,0,0,5,5,57,8,0,0,-1.0,0,5
jmeter-2_5,org.apache.jmeter.services,FileServer,12,0,26,20,356,63,0,0,0.07692307692307693,21,2
jmeter-2_5,org.apache.jmeter.services,FileEntry,4,0,1,0,11,1,0,0,0.0,1,0
jmeter-2_5,org.apache.jmeter.services,TestFileServer,1,0,6,6,86,6,0,0,0.5,0,1
jmeter-2_5,org.apache.jmeter.swing,HtmlPane,2,0,3,3,24,7,0,0,0.0,2,0
jmeter-2_5,org.apache.jmeter.testbeans,BeanInfoSupport,12,7,12,8,160,16,0,0,0.16666666666666666,2,2
jmeter-2_5,org.apache.jmeter.testbeans,TestBean,0,0,0,0,5,0,0,0,-1.0,0,0
jmeter-2_5,org.apache.jmeter.testbeans,TestBeanBeanInfo,0,0,8,8,51,8,0,0,-1.0,0,0
jmeter-2_5,org.apache.jmeter.testbeans,TestBeanHelper,1,0,4,1,102,15,0,0,0.0,6,7
jmeter-2_5,org.apache.jmeter.testbeans.gui,ComboStringEditor,10,0,19,16,197,34,0,0,0.15789473684210525,3,0
jmeter-2_5,org.apache.jmeter.testbeans.gui,UniqueObject,1,0,2,1,12,2,0,0,0.0,0,0
jmeter-2_5,org.apache.jmeter.testbeans.gui,FieldStringEditor,2,0,10,9,71,12,0,0,0.2,0,0
jmeter-2_5,org.apache.jmeter.testbeans.gui,FileEditor,2,0,18,18,131,19,0,0,0.2777777777777778,0,1
jmeter-2_5,org.apache.jmeter.testbeans.gui,SimpleFileEditor,0,0,4,4,26,4,0,0,-1.0,0,0
jmeter-2_5,org.apache.jmeter.testbeans.gui,GenericTestBeanCustomizer,19,9,15,4,404,60,0,1,0.0,5,4
jmeter-2_5,org.apache.jmeter.testbeans.gui,PropertyComparator,1,0,3,1,49,8,0,0,0.0,0,1
jmeter-2_5,org.apache.jmeter.testbeans.gui,PasswordEditor,2,0,11,10,71,13,0,0,0.2727272727272727,0,0
jmeter-2_5,org.apache.jmeter.testbeans.gui,SharedCustomizer,0,0,0,0,5,0,1,0,-1.0,0,0
jmeter-2_5,org.apache.jmeter.testbeans.gui,TableEditor,11,3,20,14,169,30,0,1,0.3,2,3
jmeter-2_5,org.apache.jmeter.testbeans.gui,AddListener,0,0,1,1,10,1,0,0,-1.0,0,0
jmeter-2_5,org.apache.jmeter.testbeans.gui,RemoveListener,0,0,1,1,5,1,0,0,-1.0,0,0
jmeter-2_5,org.apache.jmeter.testbeans.gui,ClearListener,0,0,1,1,5,1,0,0,-1.0,0,0
jmeter-2_5,org.apache.jmeter.testbeans.gui,TestBeanGUI,10,0,13,10,290,46,0,0,0.15384615384615385,0,7
jmeter-2_5,org.apache.jmeter.testbeans.gui,TestBeanPropertyEditor,0,0,1,1,3,1,1,0,-1.0,0,0
jmeter-2_5,org.apache.jmeter.testbeans.gui,TextAreaEditor,2,0,11,10,77,12,0,0,0.36363636363636365,0,0
jmeter-2_5,org.apache.jmeter.testbeans.gui,WrapperEditor,7,0,18,8,303,56,0,0,0.16666666666666666,1,2
jmeter-2_5,org.apache.jmeter.testbeans.gui,PackageTest,7,0,9,7,126,26,0,0,0.3333333333333333,0,4
jmeter-2_5,org.apache.jmeter.testbeans.gui,TestBooleanPropertyEditor,0,0,2,2,28,2,0,0,-1.0,0,0
jmeter-2_5,org.apache.jmeter.testbeans.gui,TestComboStringEditor,0,0,5,3,29,5,0,0,-1.0,0,1
jmeter-2_5,org.apache.jmeter.testbeans.gui,TestFieldStringEditor,0,0,5,3,25,5,0,0,-1.0,0,1
jmeter-2_5,org.apache.jmeter.testelement,AbstractScopedAssertion,2,0,1,0,10,1,0,3,0.0,1,0
jmeter-2_5,org.apache.jmeter.testelement,AbstractScopedTestElement,7,0,13,10,95,16,1,2,0.0,2,1
jmeter-2_5,org.apache.jmeter.testelement,AbstractTestElement,7,0,51,43,379,84,8,1,0.13725490196078433,1,8
jmeter-2_5,org.apache.jmeter.testelement,AbstractTestElementBeanInfo,0,0,8,8,51,8,0,0,-1.0,0,0
jmeter-2_5,org.apache.jmeter.testelement,OnErrorTestElement,6,5,7,6,33,7,0,2,0.2857142857142857,2,0
jmeter-2_5,org.apache.jmeter.testelement,TestCloneable,0,0,1,1,3,1,0,0,-1.0,0,0
jmeter-2_5,org.apache.jmeter.testelement,TestElement,5,5,40,40,107,40,1,0,-1.0,184,4
jmeter-2_5,org.apache.jmeter.testelement,TestElementTraverser,0,0,4,4,26,4,0,0,-1.0,2,2
jmeter-2_5,org.apache.jmeter.testelement,TestListener,0,0,5,5,32,5,2,0,-1.0,3,1
jmeter-2_5,org.apache.jmeter.testelement,TestPlan,10,0,28,26,170,34,0,2,0.2857142857142857,9,7
jmeter-2_5,org.apache.jmeter.testelement,ThreadListener,0,0,2,2,15,2,0,0,-1.0,2,0
jmeter-2_5,org.apache.jmeter.testelement,VariablesCollection,2,0,2,2,13,2,0,0,0.0,0,1
jmeter-2_5,org.apache.jmeter.testelement,WorkBench,1,0,2,2,11,2,0,2,1.0,2,0
jmeter-2_5,org.apache.jmeter.testelement,AbstractChart,15,13,22,22,182,34,2,2,0.5,4,3
jmeter-2_5,org.apache.jmeter.testelement,AbstractTable,15,13,21,21,87,22,1,2,0.5714285714285714,5,1
jmeter-2_5,org.apache.jmeter.testelement,BarChart,2,1,6,6,67,10,0,3,0.3333333333333333,2,3
jmeter-2_5,org.apache.jmeter.testelement,JTLData,6,0,18,18,141,26,0,0,0.2777777777777778,2,3
jmeter-2_5,org.apache.jmeter.testelement,LineChart,5,0,10,9,101,18,0,3,0.4,2,3
jmeter-2_5,org.apache.jmeter.testelement,ReportPage,7,6,14,14,57,14,0,2,0.5714285714285714,2,1
jmeter-2_5,org.apache.jmeter.testelement,ReportPlan,11,4,20,19,124,26,0,2,0.4,3,8
jmeter-2_5,org.apache.jmeter.testelement,Table,1,0,2,2,12,2,0,3,1.0,1,0
jmeter-2_5,org.apache.jmeter.testelement,BarChartTest,1,0,2,2,51,3,0,0,1.0,0,6
jmeter-2_5,org.apache.jmeter.testelement,LineGraphTest,1,0,2,2,51,3,0,0,1.0,0,6
jmeter-2_5,org.apache.jmeter.testelement,PackageTest,0,0,3,3,40,3,0,0,-1.0,0,4
jmeter-2_5,org.apache.jmeter.testelement.property,AbstractProperty,4,0,27,18,340,61,7,1,0.3333333333333333,2,2
jmeter-2_5,org.apache.jmeter.testelement.property,BooleanProperty,3,0,9,9,59,10,0,2,0.2222222222222222,3,2
jmeter-2_5,org.apache.jmeter.testelement.property,CollectionProperty,3,0,23,21,153,36,0,3,0.0,17,4
jmeter-2_5,org.apache.jmeter.testelement.property,DoubleProperty,3,0,15,13,92,15,0,3,0.13333333333333333,2,2
jmeter-2_5,org.apache.jmeter.testelement.property,FloatProperty,3,0,15,13,92,15,0,3,0.13333333333333333,2,2
jmeter-2_5,org.apache.jmeter.testelement.property,FunctionProperty,4,0,9,9,82,17,0,2,0.2222222222222222,1,5
jmeter-2_5,org.apache.jmeter.testelement.property,IntegerProperty,3,0,16,14,96,16,0,3,0.1875,3,2
jmeter-2_5,org.apache.jmeter.testelement.property,JMeterProperty,0,0,15,15,40,15,1,0,-1.0,42,2
jmeter-2_5,org.apache.jmeter.testelement.property,LongProperty,3,0,15,13,93,15,0,3,0.13333333333333333,3,2
jmeter-2_5,org.apache.jmeter.testelement.property,MapProperty,3,0,19,17,138,28,0,3,0.10526315789473684,2,4
jmeter-2_5,org.apache.jmeter.testelement.property,MultiProperty,1,0,8,7,61,14,3,2,0.5,3,3
jmeter-2_5,org.apache.jmeter.testelement.property,NullProperty,2,0,15,15,87,16,0,2,0.8666666666666667,1,2
jmeter-2_5,org.apache.jmeter.testelement.property,NumberProperty,1,0,6,4,44,9,4,2,0.8333333333333334,0,1
jmeter-2_5,org.apache.jmeter.testelement.property,ObjectProperty,3,0,9,9,66,11,0,2,0.3333333333333333,1,2
jmeter-2_5,org.apache.jmeter.testelement.property,PropertyIterator,0,0,3,3,5,3,1,0,-1.0,45,0
jmeter-2_5,org.apache.jmeter.testelement.property,PropertyIteratorImpl,1,0,4,4,24,4,0,1,0.0,0,0
jmeter-2_5,org.apache.jmeter.testelement.property,StringProperty,3,0,9,9,68,11,0,2,0.2222222222222222,7,2
jmeter-2_5,org.apache.jmeter.testelement.property,TestElementProperty,3,0,16,16,112,23,0,3,0.125,7,3
jmeter-2_5,org.apache.jmeter.testelement.property,PackageTest,0,0,14,12,283,15,0,0,-1.0,0,11
jmeter-2_5,org.apache.jmeter.threads,AbstractThreadGroup,10,8,17,15,148,17,1,0,0.29411764705882354,8,8
jmeter-2_5,org.apache.jmeter.threads,JMeterContext,10,0,21,19,108,22,0,0,0.19047619047619047,42,6
jmeter-2_5,org.apache.jmeter.threads,JMeterContextService,4,0,13,9,90,14,0,0,0.38461538461538464,49,1
jmeter-2_5,org.apache.jmeter.threads,JMeterThread,28,2,44,25,634,102,0,0,0.09090909090909091,8,29
jmeter-2_5,org.apache.jmeter.threads,ThreadListenerTraverser,1,0,4,3,21,6,0,0,0.75,1,2
jmeter-2_5,org.apache.jmeter.threads,IterationListener,0,0,1,1,8,1,0,0,-1.0,0,1
jmeter-2_5,org.apache.jmeter.threads,JMeterThreadMonitor,0,0,1,1,6,1,0,0,-1.0,1,1
jmeter-2_5,org.apache.jmeter.threads,JMeterVariables,3,0,15,14,63,17,0,0,0.2,53,2
jmeter-2_5,org.apache.jmeter.threads,ListenerNotifier,1,0,1,1,25,2,0,0,0.0,3,3
jmeter-2_5,org.apache.jmeter.threads,PostThreadGroup,1,0,0,0,6,0,0,0,-1.0,1,0
jmeter-2_5,org.apache.jmeter.threads,SamplePackage,8,0,18,16,100,20,0,0,0.0,3,6
jmeter-2_5,org.apache.jmeter.threads,SetupThreadGroup,1,0,1,1,9,1,0,0,0.0,1,0
jmeter-2_5,org.apache.jmeter.threads,TestCompiler,8,0,17,12,200,41,0,0,0.23529411764705882,3,10
jmeter-2_5,org.apache.jmeter.threads,ObjectPair,2,0,4,4,28,6,0,0,0.0,1,1
jmeter-2_5,org.apache.jmeter.threads,ThreadGroup,7,6,15,14,152,19,0,1,0.13333333333333333,3,2
jmeter-2_5,org.apache.jmeter.threads,TestJMeterContextService,0,0,4,4,25,4,0,0,-1.0,2,2
jmeter-2_5,org.apache.jmeter.threads,TestTestCompiler,1,0,4,4,30,4,0,0,1.0,0,5
jmeter-2_5,org.apache.jmeter.threads,TestSampler,1,0,2,2,9,2,0,0,1.0,0,1
jmeter-2_5,org.apache.jmeter.threads.gui,AbstractThreadGroupGui,6,0,12,6,102,20,1,0,0.3333333333333333,0,5
jmeter-2_5,org.apache.jmeter.threads.gui,PostThreadGroupGui,1,0,2,2,11,2,0,2,1.0,0,1
jmeter-2_5,org.apache.jmeter.threads.gui,SetupThreadGroupGui,1,0,2,2,11,2,0,2,1.0,0,1
jmeter-2_5,org.apache.jmeter.threads.gui,ThreadGroupGui,12,0,14,7,184,19,2,1,0.14285714285714285,0,7
jmeter-2_5,org.apache.jmeter.util,BSFBeanInfoSupport,0,0,1,0,26,1,0,0,-1.0,0,0
jmeter-2_5,org.apache.jmeter.util,BSFJavaScriptEngine,1,0,6,5,123,19,0,0,0.0,0,0
jmeter-2_5,org.apache.jmeter.util,BSFTestElement,6,0,16,10,126,18,0,0,0.0,1,9
jmeter-2_5,org.apache.jmeter.util,BeanShellBeanInfoSupport,0,0,1,0,28,1,0,0,-1.0,0,0
jmeter-2_5,org.apache.jmeter.util,BeanShellClient,2,0,4,3,68,8,0,0,0.5,1,1
jmeter-2_5,org.apache.jmeter.util,SockRead,1,0,2,2,26,3,0,0,0.0,0,0
jmeter-2_5,org.apache.jmeter.util,BeanShellInterpreter,10,0,12,10,160,20,0,0,0.0,11,1
jmeter-2_5,org.apache.jmeter.util,BeanShellServer,3,0,4,2,56,6,0,0,0.75,1,1
jmeter-2_5,org.apache.jmeter.util,BeanShellTestElement,8,0,22,17,181,30,0,0,0.09090909090909091,1,8
jmeter-2_5,org.apache.jmeter.util,CPSPauser,4,0,2,2,32,3,0,0,0.0,2,0
jmeter-2_5,org.apache.jmeter.util,Calculator,12,0,20,19,137,26,0,0,0.15,3,1
jmeter-2_5,org.apache.jmeter.util,ColorHelper,0,0,2,1,36,5,0,0,-1.0,1,0
jmeter-2_5,org.apache.jmeter.util,CustomX509TrustManager,2,0,4,4,54,10,0,0,0.5,0,0
jmeter-2_5,org.apache.jmeter.util,HttpSSLProtocolSocketFactory,5,0,15,11,162,22,0,0,0.0,0,1
jmeter-2_5,org.apache.jmeter.util,JMeterUtils,17,1,65,61,925,116,0,0,0.27692307692307694,232,8
jmeter-2_5,org.apache.jmeter.util,JMeterVersion,3,0,2,0,42,2,0,0,1.0,1,0
jmeter-2_5,org.apache.jmeter.util,JSR223TestElement,5,0,15,10,107,17,0,0,0.0,1,9
jmeter-2_5,org.apache.jmeter.util,JsseSSLManager,11,0,14,12,236,34,0,1,0.14285714285714285,2,2
jmeter-2_5,org.apache.jmeter.util,WrappedX509KeyManager,2,0,7,7,80,8,0,0,0.0,0,1
jmeter-2_5,org.apache.jmeter.util,LocaleChangeEvent,2,0,3,3,17,3,0,0,0.6666666666666666,6,0
jmeter-2_5,org.apache.jmeter.util,LocaleChangeListener,0,0,1,1,3,1,0,0,-1.0,1,1
jmeter-2_5,org.apache.jmeter.util,NameUpdater,2,0,5,4,68,9,0,0,0.4,3,1
jmeter-2_5,org.apache.jmeter.util,NamedObject,0,0,1,1,3,1,0,0,-1.0,0,0
jmeter-2_5,org.apache.jmeter.util,SSLManager,12,1,9,4,168,19,1,0,0.6666666666666666,6,5
jmeter-2_5,org.apache.jmeter.util,ScopePanel,6,0,18,17,109,24,0,0,0.1111111111111111,1,1
jmeter-2_5,org.apache.jmeter.util,ShutdownClient,0,0,1,1,22,3,0,0,-1.0,0,0
jmeter-2_5,org.apache.jmeter.util,SlowInputStream,1,0,3,3,23,3,0,0,0.0,0,1
jmeter-2_5,org.apache.jmeter.util,SlowOutputStream,1,0,3,3,23,3,0,0,0.0,0,1
jmeter-2_5,org.apache.jmeter.util,SlowSSLSocket,2,0,59,59,193,60,0,0,0.0,0,0
jmeter-2_5,org.apache.jmeter.util,SlowSocket,1,0,6,6,62,9,0,0,0.0,0,0
jmeter-2_5,org.apache.jmeter.util,StringUtilities,0,0,2,1,28,3,0,0,-1.0,3,0
jmeter-2_5,org.apache.jmeter.util,TidyException,1,0,2,2,12,2,0,0,1.0,0,0
jmeter-2_5,org.apache.jmeter.util,XPathUtil,5,0,11,7,149,20,0,0,0.2727272727272727,5,1
jmeter-2_5,org.apache.jmeter.util,MyErrorHandler,3,0,4,3,27,7,0,0,0.0,0,0
jmeter-2_5,org.apache.jmeter.util,PackageTest,0,0,7,7,36,7,0,0,-1.0,0,2
jmeter-2_5,org.apache.jmeter.util,TestJMeterUtils,0,0,3,3,10,3,0,0,-1.0,0,0
jmeter-2_5,org.apache.jmeter.util.keystore,DefaultKeyStore,4,0,5,5,61,11,0,1,0.0,0,0
jmeter-2_5,org.apache.jmeter.util.keystore,JmeterKeyStore,0,0,5,5,21,5,1,0,-1.0,3,0
jmeter-2_5,org.apache.jmeter.visualizers.gui,AbstractListenerGui,1,0,2,2,20,2,1,0,1.0,0,1
jmeter-2_5,org.apache.jmeter.visualizers.gui,AbstractVisualizer,9,0,18,12,167,25,0,1,0.1111111111111111,0,8
jmeter-2_5,org.apache.jmeter.examples.sampler,ExampleSampler,4,1,5,3,61,5,0,0,0.0,1,2
jmeter-2_5,org.apache.jmeter.examples.sampler.gui,ExampleSamplerGui,2,0,8,6,62,8,0,0,0.25,0,3
jmeter-2_5,org.apache.jmeter.examples.testbeans.example1,Example1,2,0,3,3,24,3,0,0,0.0,0,2
jmeter-2_5,org.apache.jmeter.examples.testbeans.example2,Example2,2,0,3,3,24,3,0,0,0.0,0,2
jmeter-2_5,org.apache.jmeter.examples.testbeans.example2,Example2BeanInfo,0,0,1,1,5,1,0,0,-1.0,0,0
jmeter-2_5,org.apache.commons.cli.avalon,AbstractParserControl,0,0,1,1,15,1,0,1,-1.0,0,0
jmeter-2_5,org.apache.commons.cli.avalon,CLArgsParser,28,0,27,7,497,91,0,0,0.07407407407407407,3,4
jmeter-2_5,org.apache.commons.cli.avalon,CLOption,4,1,9,8,119,18,0,0,0.0,4,1
jmeter-2_5,org.apache.commons.cli.avalon,CLOptionDescriptor,10,5,9,7,141,16,0,0,0.0,6,0
jmeter-2_5,org.apache.commons.cli.avalon,CLUtil,1,0,2,1,70,12,0,0,1.0,3,1
jmeter-2_5,org.apache.commons.cli.avalon,ParserControl,0,0,1,0,12,1,1,0,-1.0,2,0
jmeter-2_5,org.apache.commons.cli.avalon,Token,4,2,4,1,44,4,0,0,0.0,1,0
jmeter-2_5,org.apache.commons.cli.avalon,ClutilTestCase,29,0,44,43,582,47,0,0,0.13636363636363635,0,5
jmeter-2_5,org.apache.commons.jexl.bsf,JexlEngine,1,0,8,8,108,17,0,0,0.25,0,0
jmeter-2_5,org.apache.jorphan.collections,Data,6,0,37,35,522,93,0,0,0.0,3,2
jmeter-2_5,org.apache.jorphan.collections,HashTree,8,0,78,66,687,110,2,0,0.20512820512820512,43,4
jmeter-2_5,org.apache.jorphan.collections,TreeSearcher,2,0,5,5,29,6,0,1,0.6,1,1
jmeter-2_5,org.apache.jorphan.collections,ConvertToString,3,0,6,4,34,9,0,1,0.3333333333333333,1,1
jmeter-2_5,org.apache.jorphan.collections,HashTreeTraverser,0,0,3,3,22,3,3,0,-1.0,1,1
jmeter-2_5,org.apache.jorphan.collections,ListedHashTree,2,0,24,22,179,32,0,1,0.3333333333333333,11,2
jmeter-2_5,org.apache.jorphan.collections,SearchByClass,3,0,6,6,54,7,0,1,0.5,5,2
jmeter-2_5,org.apache.jorphan.collections,SortedHashTree,1,0,11,8,69,15,0,1,1.0,0,0
jmeter-2_5,org.apache.jorphan.collections,PackageTest,0,0,6,6,120,8,0,0,-1.0,0,4
jmeter-2_5,org.apache.jorphan.gui,AbstractTreeTableModel,8,0,22,22,133,24,1,1,0.6818181818181818,0,1
jmeter-2_5,org.apache.jorphan.gui,ComponentUtil,0,0,4,3,50,6,0,0,-1.0,9,1
jmeter-2_5,org.apache.jorphan.gui,DefaultTreeTableModel,1,0,4,4,28,4,0,2,1.0,0,1
jmeter-2_5,org.apache.jorphan.gui,GuiUtils,0,0,2,2,29,3,0,0,-1.0,7,0
jmeter-2_5,org.apache.jorphan.gui,JLabeledChoice,7,0,25,23,205,36,0,1,0.08,9,0
jmeter-2_5,org.apache.jorphan.gui,AddListener,0,0,1,1,11,2,0,0,-1.0,0,0
jmeter-2_5,org.apache.jorphan.gui,DeleteListener,0,0,1,1,8,2,0,0,-1.0,0,0
jmeter-2_5,org.apache.jorphan.gui,JLabeledField,0,0,5,5,10,5,3,0,-1.0,0,0
jmeter-2_5,org.apache.jorphan.gui,JLabeledPasswordField,1,0,3,2,19,3,0,2,1.0,0,0
jmeter-2_5,org.apache.jorphan.gui,JLabeledTextArea,5,0,18,16,148,21,0,1,0.16666666666666666,5,0
jmeter-2_5,org.apache.jorphan.gui,JLabeledTextField,5,0,19,16,152,22,1,1,0.15789473684210525,19,0
jmeter-2_5,org.apache.jorphan.gui,JTreeTable,1,0,5,5,36,5,0,0,1.0,0,1
jmeter-2_5,org.apache.jorphan.gui,NumberRenderer,2,0,3,3,20,3,1,0,0.0,0,0
jmeter-2_5,org.apache.jorphan.gui,ObjectTableModel,9,0,20,19,233,40,0,0,0.0,12,1
jmeter-2_5,org.apache.jorphan.gui,RateRenderer,1,0,2,2,30,6,0,1,1.0,0,0
jmeter-2_5,org.apache.jorphan.gui,RendererUtils,0,0,2,1,16,4,0,0,-1.0,6,0
jmeter-2_5,org.apache.jorphan.gui,RightAlignRenderer,1,0,1,1,10,1,0,0,0.0,0,0
jmeter-2_5,org.apache.jorphan.gui,TreeTableModel,0,0,3,3,26,3,1,0,-1.0,1,0
jmeter-2_5,org.apache.jorphan.gui.layout,VerticalLayout,10,6,11,10,159,21,0,0,0.2727272727272727,21,0
jmeter-2_5,org.apache.jorphan.io,TextFile,3,0,8,8,111,12,0,0,0.375,2,1
jmeter-2_5,org.apache.jorphan.logging,LoggingManager,11,2,20,14,243,33,0,0,0.25,10,1
jmeter-2_5,org.apache.jorphan.math,NumberComparator,1,0,2,2,20,4,0,0,1.0,0,0
jmeter-2_5,org.apache.jorphan.math,StatCalculator,12,0,18,16,155,28,2,0,0.16666666666666666,1,1
jmeter-2_5,org.apache.jorphan.math,StatCalculatorInteger,0,0,4,3,17,4,0,1,-1.0,1,0
jmeter-2_5,org.apache.jorphan.math,StatCalculatorLong,0,0,4,3,17,4,0,1,-1.0,2,0
jmeter-2_5,org.apache.jorphan.math,TestStatCalculator,1,0,7,7,72,7,0,0,0.5714285714285714,0,2
jmeter-2_5,org.apache.jorphan.reflect,ClassFinder,14,0,21,8,348,66,0,0,0.09523809523809523,15,2
jmeter-2_5,org.apache.jorphan.reflect,FilterTreeSet,6,0,2,1,41,7,0,0,0.0,0,1
jmeter-2_5,org.apache.jorphan.reflect,AnnoFilterTreeSet,4,0,2,1,28,5,0,0,0.0,0,1
jmeter-2_5,org.apache.jorphan.reflect,ClassTools,0,0,3,3,82,3,0,0,-1.0,1,0
jmeter-2_5,org.apache.jorphan.reflect,Functor,7,0,26,15,320,61,0,0,0.38461538461538464,8,1
jmeter-2_5,org.apache.jorphan.reflect,TestFunctor,2,0,21,17,196,21,0,0,0.8571428571428571,0,3
jmeter-2_5,org.apache.jorphan.reflect,HasName,0,0,1,0,3,1,2,0,-1.0,0,0
jmeter-2_5,org.apache.jorphan.reflect,HasString,0,0,1,0,3,1,1,0,-1.0,0,0
jmeter-2_5,org.apache.jorphan.reflect,Test1,1,0,4,4,15,4,1,1,0.75,0,0
jmeter-2_5,org.apache.jorphan.reflect,Test1a,0,0,3,1,11,3,0,2,-1.0,0,0
jmeter-2_5,org.apache.jorphan.reflect,Test2,1,0,4,4,15,4,0,1,0.75,1,0
jmeter-2_5,org.apache.jorphan.test,UnitTestManager,0,0,1,1,11,1,0,0,-1.0,1,0
jmeter-2_5,org.apache.jorphan.test,AllTests,1,0,8,2,181,16,0,0,0.25,1,6
jmeter-2_5,org.apache.jorphan.util,Converter,0,0,25,25,337,63,0,0,-1.0,3,1
jmeter-2_5,org.apache.jorphan.util,HeapDumper,6,0,9,6,129,13,0,0,0.3333333333333333,2,2
jmeter-2_5,org.apache.jorphan.util,DumperHolder,1,0,0,0,3,0,0,0,-1.0,1,1
jmeter-2_5,org.apache.jorphan.util,JMeterError,1,0,4,4,19,4,0,0,1.0,0,0
jmeter-2_5,org.apache.jorphan.util,JMeterException,1,0,4,4,19,4,0,0,1.0,0,0
jmeter-2_5,org.apache.jorphan.util,JMeterStopTestException,1,0,2,2,13,2,0,0,1.0,0,0
jmeter-2_5,org.apache.jorphan.util,JMeterStopTestNowException,1,0,2,2,13,2,0,0,1.0,0,0
jmeter-2_5,org.apache.jorphan.util,JMeterStopThreadException,1,0,2,2,13,2,0,0,1.0,0,0
jmeter-2_5,org.apache.jorphan.util,JOrphanUtils,3,0,23,21,369,59,0,0,0.8260869565217391,59,1
jmeter-2_5,org.apache.jorphan.util,XMLBuffer,2,0,9,6,93,13,0,0,0.2222222222222222,2,0
jmeter-2_5,org.apache.jorphan.util,TestJorphanUtils,0,0,30,29,251,31,0,0,-1.0,0,1
jmeter-2_5,org.apache.jmeter.protocol.java.control.gui,ClassFilter,1,0,5,0,39,11,0,0,0.4,1,0
jmeter-2_5,org.apache.jmeter.protocol.java.control.gui,JUnitTestSamplerGui,23,0,15,9,296,35,0,0,0.13333333333333333,0,8
jmeter-2_5,org.apache.jmeter.protocol.java.control.gui,BSFSamplerGui,5,0,11,6,107,11,0,0,0.18181818181818182,0,3
jmeter-2_5,org.apache.jmeter.protocol.java.control.gui,BeanShellSamplerGui,5,0,11,6,104,11,0,0,0.18181818181818182,0,3
jmeter-2_5,org.apache.jmeter.protocol.java.control.gui,JavaTestSamplerGui,2,0,6,5,45,6,0,0,0.3333333333333333,0,4
jmeter-2_5,org.apache.jmeter.protocol.java.sampler,JUnitSampler,28,0,40,35,523,78,0,0,0.175,2,4
jmeter-2_5,org.apache.jmeter.protocol.java.sampler,AnnotatedTestCase,3,0,2,1,42,9,0,0,0.0,1,0
jmeter-2_5,org.apache.jmeter.protocol.java.sampler,AbstractJavaSamplerClient,1,0,4,3,24,4,1,1,0.5,0,1
jmeter-2_5,org.apache.jmeter.protocol.java.sampler,BSFSampler,6,0,11,11,97,13,0,0,0.2727272727272727,1,2
jmeter-2_5,org.apache.jmeter.protocol.java.sampler,BeanShellSampler,7,5,6,5,78,9,0,0,0.6666666666666666,1,3
jmeter-2_5,org.apache.jmeter.protocol.java.sampler,JSR223Sampler,2,0,1,1,48,4,0,0,0.0,0,2
jmeter-2_5,org.apache.jmeter.protocol.java.sampler,JSR223SamplerBeanInfo,0,0,1,1,5,1,0,0,-1.0,0,0
jmeter-2_5,org.apache.jmeter.protocol.java.sampler,JavaSampler,7,2,15,12,172,21,0,0,0.13333333333333333,4,8
jmeter-2_5,org.apache.jmeter.protocol.java.sampler,ErrorSamplerClient,0,0,1,1,18,1,0,2,-1.0,0,2
jmeter-2_5,org.apache.jmeter.protocol.java.sampler,JavaSamplerClient,0,0,4,0,31,4,1,0,-1.0,2,1
jmeter-2_5,org.apache.jmeter.protocol.java.sampler,JavaSamplerContext,2,0,9,9,120,14,0,0,0.0,6,1
jmeter-2_5,test,AfterAnnotatedTest,0,0,2,2,10,2,0,0,-1.0,0,0
jmeter-2_5,test,BeforeAnnotatedTest,0,0,2,2,10,2,0,0,-1.0,0,0
jmeter-2_5,test,DummyAnnotatedTest,1,1,12,12,53,13,0,0,0.9166666666666666,0,0
jmeter-2_5,test,Junit4AnnotationsTest,0,0,5,5,20,5,0,0,-1.0,0,0
jmeter-2_5,test,RerunTest,1,0,1,1,10,1,0,0,0.0,0,0
jmeter-2_5,test,SetupTestError,0,0,2,2,10,2,0,0,-1.0,0,0
jmeter-2_5,test,SetupTestFail,0,0,2,2,10,2,0,0,-1.0,0,0
jmeter-2_5,test,TearDownTestFail,0,0,2,2,10,2,0,0,-1.0,0,0
jmeter-2_5,woolfel,DummyTestCase,0,0,12,11,64,12,2,0,-1.0,0,0
jmeter-2_5,woolfel,SubDummyTest,0,0,4,4,16,4,0,1,-1.0,0,0
jmeter-2_5,woolfel,SubDummyTest2,0,0,4,3,16,4,0,1,-1.0,0,0
jmeter-2_5,org.apache.jmeter.monitor.util,MemoryBenchmark,0,0,1,1,85,5,0,0,-1.0,0,12
jmeter-2_5,org.apache.jmeter.monitor.util,Stats,9,9,5,4,117,16,0,0,0.4,4,3
jmeter-2_5,org.apache.jmeter.monitor.model,Connector,0,0,8,0,10,8,1,0,-1.0,6,3
jmeter-2_5,org.apache.jmeter.monitor.model,ConnectorImpl,4,0,9,9,38,9,0,1,0.5555555555555556,0,3
jmeter-2_5,org.apache.jmeter.monitor.model,Jvm,0,0,2,0,4,2,1,0,-1.0,5,1
jmeter-2_5,org.apache.jmeter.monitor.model,JvmImpl,1,0,3,3,23,3,0,1,0.6666666666666666,0,1
jmeter-2_5,org.apache.jmeter.monitor.model,Memory,0,0,6,0,11,6,1,0,-1.0,5,0
jmeter-2_5,org.apache.jmeter.monitor.model,MemoryImpl,3,0,7,7,31,7,0,1,0.5714285714285714,0,0
jmeter-2_5,org.apache.jmeter.monitor.model,ObjectFactory,2,0,14,13,56,14,0,0,0.7857142857142857,9,4
jmeter-2_5,org.apache.jmeter.monitor.model,ObjectFactoryHolder,1,0,0,0,3,0,0,0,-1.0,1,1
jmeter-2_5,org.apache.jmeter.monitor.model,MonitorParser,0,0,1,1,5,1,0,0,-1.0,0,1
jmeter-2_5,org.apache.jmeter.monitor.model,RequestInfo,0,0,12,0,17,12,1,0,-1.0,4,0
jmeter-2_5,org.apache.jmeter.monitor.model,RequestInfoImpl,6,0,13,13,52,13,0,1,0.5384615384615384,0,0
jmeter-2_5,org.apache.jmeter.monitor.model,Status,0,0,6,0,8,6,1,0,-1.0,5,2
jmeter-2_5,org.apache.jmeter.monitor.model,StatusImpl,3,0,7,7,41,7,0,1,0.42857142857142855,0,2
jmeter-2_5,org.apache.jmeter.monitor.model,ThreadInfo,0,0,10,0,15,10,1,0,-1.0,4,0
jmeter-2_5,org.apache.jmeter.monitor.model,ThreadInfoImpl,5,0,11,11,45,11,0,1,0.5454545454545454,0,0
jmeter-2_5,org.apache.jmeter.monitor.model,Worker,0,0,20,0,25,20,1,0,-1.0,3,0
jmeter-2_5,org.apache.jmeter.monitor.model,WorkerImpl,10,0,21,21,79,21,0,1,0.5238095238095238,0,0
jmeter-2_5,org.apache.jmeter.monitor.model,Workers,0,0,1,0,6,1,1,0,-1.0,4,0
jmeter-2_5,org.apache.jmeter.monitor.model,WorkersImpl,1,0,3,3,18,3,0,1,0.0,0,1
jmeter-2_5,org.apache.jmeter.monitor.model,TestObjectFactory,2,0,6,5,40,6,0,0,0.0,0,5
jmeter-2_5,org.apache.jmeter.monitor.parser,Constants,33,33,0,0,39,0,0,0,-1.0,1,0
jmeter-2_5,org.apache.jmeter.monitor.parser,MonitorHandler,10,0,10,10,299,78,0,0,0.5,1,10
jmeter-2_5,org.apache.jmeter.monitor.parser,Parser,0,0,3,0,5,3,1,0,-1.0,1,1
jmeter-2_5,org.apache.jmeter.monitor.parser,ParserImpl,4,0,4,4,76,4,0,1,0.0,0,3
jmeter-2_5,org.apache.jmeter.protocol.ftp.config.gui,FtpConfigGui,11,0,14,7,153,16,0,0,0.21428571428571427,1,5
jmeter-2_5,org.apache.jmeter.protocol.ftp.control.gui,FtpTestSamplerGui,3,0,7,6,51,7,0,0,0.2857142857142857,0,6
jmeter-2_5,org.apache.jmeter.protocol.ftp.sampler,FTPSampler,11,8,17,16,229,34,0,0,0.11764705882352941,2,3
jmeter-2_5,org.apache.jmeter.protocol.http.config,MultipartUrlConfig,4,0,10,8,101,17,0,0,0.2,2,5
jmeter-2_5,org.apache.jmeter.protocol.http.config,MultipartUrlConfigTest,0,0,4,4,58,4,0,0,-1.0,0,5
jmeter-2_5,org.apache.jmeter.protocol.http.config,UrlConfigTest,3,0,4,3,39,4,0,0,0.5,0,3
jmeter-2_5,org.apache.jmeter.protocol.http.config.gui,HttpDefaultsGui,5,0,12,10,129,21,0,0,0.25,0,5
jmeter-2_5,org.apache.jmeter.protocol.http.config.gui,MultipartUrlConfigGui,2,0,8,6,54,8,0,1,0.0,1,3
jmeter-2_5,org.apache.jmeter.protocol.http.config.gui,UrlConfigGui,22,0,22,8,354,39,1,0,0.13636363636363635,1,9
jmeter-2_5,org.apache.jmeter.protocol.http.control,AuthManager,10,5,21,20,203,37,0,0,0.2857142857142857,12,5
jmeter-2_5,org.apache.jmeter.protocol.http.control,Authorization,7,0,16,15,66,16,0,0,0.25,8,2
jmeter-2_5,org.apache.jmeter.protocol.http.control,CacheManager,9,2,30,23,253,57,0,0,0.23333333333333334,7,4
jmeter-2_5,org.apache.jmeter.protocol.http.control,CacheEntry,3,0,5,5,22,5,0,0,0.0,1,0
jmeter-2_5,org.apache.jmeter.protocol.http.control,Cookie,11,0,23,23,170,23,0,0,0.17391304347826086,4,2
jmeter-2_5,org.apache.jmeter.protocol.http.control,CookieManager,14,1,30,25,365,64,0,0,0.2,11,8
jmeter-2_5,org.apache.jmeter.protocol.http.control,Header,3,0,9,9,57,9,0,0,0.3333333333333333,12,1
jmeter-2_5,org.apache.jmeter.protocol.http.control,HeaderManager,5,1,18,18,192,35,0,0,0.2222222222222222,12,6
jmeter-2_5,org.apache.jmeter.protocol.http.control,HttpMirrorControl,5,2,12,11,55,13,0,0,0.0,1,1
jmeter-2_5,org.apache.jmeter.protocol.http.control,HttpMirrorServer,5,0,5,5,79,8,0,0,0.4,4,3
jmeter-2_5,org.apache.jmeter.protocol.http.control,HttpMirrorThread,4,0,4,2,122,16,0,0,0.0,2,3
jmeter-2_5,org.apache.jmeter.protocol.http.control,RecordingController,1,0,0,0,3,0,0,0,-1.0,1,0
jmeter-2_5,org.apache.jmeter.protocol.http.control,TestAuthManager,0,0,4,4,52,4,0,0,-1.0,0,3
jmeter-2_5,org.apache.jmeter.protocol.http.control,TestCacheManager,17,0,39,25,264,47,0,0,0.07692307692307693,1,5
jmeter-2_5,org.apache.jmeter.protocol.http.control,URLConnectionStub,2,0,5,3,30,9,0,0,1.0,0,1
jmeter-2_5,org.apache.jmeter.protocol.http.control,HttpMethodStub,4,0,3,2,28,7,0,0,0.6666666666666666,0,2
jmeter-2_5,org.apache.jmeter.protocol.http.control,HttpURLConnectionStub,1,0,3,3,15,3,0,0,0.0,0,0
jmeter-2_5,org.apache.jmeter.protocol.http.control,TestCookieManager,2,0,27,27,322,27,0,0,0.07407407407407407,0,5
jmeter-2_5,org.apache.jmeter.protocol.http.control,TestHTTPMirrorThread,5,0,9,5,261,26,0,0,0.2222222222222222,2,2
jmeter-2_5,org.apache.jmeter.protocol.http.control.gui,AjpSamplerGui,1,0,4,4,17,4,0,1,1.0,0,2
jmeter-2_5,org.apache.jmeter.protocol.http.control.gui,HttpMirrorControlGui,8,0,11,8,98,14,0,0,0.2727272727272727,0,5
jmeter-2_5,org.apache.jmeter.protocol.http.control.gui,HttpTestSampleGui,10,0,14,10,170,25,1,0,0.21428571428571427,2,5
jmeter-2_5,org.apache.jmeter.protocol.http.control.gui,RecordController,1,0,2,2,11,2,0,0,1.0,0,1
jmeter-2_5,org.apache.jmeter.protocol.http.control.gui,SoapSamplerGui,7,0,9,8,114,10,0,0,0.3333333333333333,0,6
jmeter-2_5,org.apache.jmeter.protocol.http.control.gui,WebServiceSamplerGui,22,0,10,9,256,21,0,0,0.2,0,11
jmeter-2_5,org.apache.jmeter.protocol.http.control.gui,TestHttpTestSampleGui,1,0,3,3,17,3,0,0,0.6666666666666666,0,2
jmeter-2_5,org.apache.jmeter.protocol.http.gui,AuthPanel,16,0,24,21,281,51,0,0,0.25,0,6
jmeter-2_5,org.apache.jmeter.protocol.http.gui,InnerTableModel,2,0,11,11,84,21,0,0,0.18181818181818182,2,2
jmeter-2_5,org.apache.jmeter.protocol.http.gui,PasswordCellRenderer,2,0,2,2,17,2,0,0,1.0,0,0
jmeter-2_5,org.apache.jmeter.protocol.http.gui,CacheManagerGui,3,0,7,6,61,7,0,0,0.2857142857142857,0,4
jmeter-2_5,org.apache.jmeter.protocol.http.gui,CookiePanel,17,0,14,8,214,34,0,0,0.14285714285714285,0,9
jmeter-2_5,org.apache.jmeter.protocol.http.gui,HTTPArgumentsPanel,3,0,8,4,56,11,0,0,0.75,3,8
jmeter-2_5,org.apache.jmeter.protocol.http.gui,HTTPFileArgsPanel,13,0,20,7,280,35,0,0,0.1,2,8
jmeter-2_5,org.apache.jmeter.protocol.http.gui,HeaderPanel,15,0,22,19,230,42,0,0,0.22727272727272727,0,6
jmeter-2_5,org.apache.jmeter.protocol.http.gui,InnerTableModel,2,0,11,11,63,15,0,0,0.2727272727272727,0,2
jmeter-2_5,org.apache.jmeter.protocol.http.modifier,AnchorModifier,3,0,7,3,178,34,0,0,0.42857142857142855,2,12
jmeter-2_5,org.apache.jmeter.protocol.http.modifier,ParamMask,8,0,17,17,145,18,0,0,0.0,1,0
jmeter-2_5,org.apache.jmeter.protocol.http.modifier,ParamModifier,2,0,9,8,72,14,0,0,0.4444444444444444,1,5
jmeter-2_5,org.apache.jmeter.protocol.http.modifier,URLRewritingModifier,13,0,13,11,126,30,0,0,0.0,2,5
jmeter-2_5,org.apache.jmeter.protocol.http.modifier,UserParameterModifier,4,0,10,10,82,13,0,0,0.5,2,8
jmeter-2_5,org.apache.jmeter.protocol.http.modifier,UserParameterXMLContentHandler,5,0,12,12,64,18,0,0,0.75,1,0
jmeter-2_5,org.apache.jmeter.protocol.http.modifier,UserParameterXMLErrorHandler,1,0,3,3,18,3,0,0,0.0,1,0
jmeter-2_5,org.apache.jmeter.protocol.http.modifier,UserParameterXMLParser,0,0,1,1,22,1,0,0,-1.0,1,3
jmeter-2_5,org.apache.jmeter.protocol.http.modifier,UserSequence,4,0,3,3,37,5,0,0,0.6666666666666666,1,0
jmeter-2_5,org.apache.jmeter.protocol.http.modifier,TestAnchorModifier,2,0,20,18,249,20,0,0,0.1,0,6
jmeter-2_5,org.apache.jmeter.protocol.http.modifier,TestURLRewritingModifier,3,0,16,15,195,19,0,0,0.125,0,7
jmeter-2_5,org.apache.jmeter.protocol.http.modifier.gui,AnchorModifierGui,1,0,5,4,26,5,0,0,0.6,0,2
jmeter-2_5,org.apache.jmeter.protocol.http.modifier.gui,ParamModifierGui,14,0,13,8,148,18,0,0,0.23076923076923078,0,5
jmeter-2_5,org.apache.jmeter.protocol.http.modifier.gui,URLRewritingModifierGui,6,0,7,6,75,7,0,0,0.2857142857142857,0,5
jmeter-2_5,org.apache.jmeter.protocol.http.modifier.gui,UserParameterModifierGui,2,0,10,8,72,10,0,0,0.4,0,3
jmeter-2_5,org.apache.jmeter.protocol.http.parser,HTMLParseError,1,0,4,4,19,4,0,0,1.0,0,0
jmeter-2_5,org.apache.jmeter.protocol.http.parser,HTMLParseException,1,0,4,4,19,4,0,0,1.0,0,0
jmeter-2_5,org.apache.jmeter.protocol.http.parser,HTMLParser,21,2,7,5,99,10,3,0,0.42857142857142855,3,3
jmeter-2_5,org.apache.jmeter.protocol.http.parser,HtmlParserHTMLParser,2,0,5,1,127,25,0,1,0.4,0,4
jmeter-2_5,org.apache.jmeter.protocol.http.parser,URLPointer,1,0,1,0,6,1,0,0,0.0,1,0
jmeter-2_5,org.apache.jmeter.protocol.http.parser,HtmlParsingUtils,1,0,17,12,271,40,0,0,0.29411764705882354,5,9
jmeter-2_5,org.apache.jmeter.protocol.http.parser,JTidyHTMLParser,1,0,7,1,148,27,0,1,0.42857142857142855,1,4
jmeter-2_5,org.apache.jmeter.protocol.http.parser,RegexpHTMLParser,6,0,4,1,82,13,0,1,1.0,0,3
jmeter-2_5,org.apache.jmeter.protocol.http.parser,URLCollection,2,0,9,7,61,10,0,0,0.3333333333333333,5,1
jmeter-2_5,org.apache.jmeter.protocol.http.parser,UrlIterator,1,0,4,3,15,4,0,0,0.5,0,0
jmeter-2_5,org.apache.jmeter.protocol.http.parser,URLString,3,0,7,7,46,7,0,0,0.0,1,1
jmeter-2_5,org.apache.jmeter.protocol.http.parser,TestHTMLParser,9,0,19,14,191,33,0,0,0.5789473684210527,1,3
jmeter-2_5,org.apache.jmeter.protocol.http.parser,StaticTestClass,0,0,1,0,4,1,0,0,-1.0,0,0
jmeter-2_5,org.apache.jmeter.protocol.http.parser,TestClass,0,0,1,0,4,1,0,0,-1.0,0,0
jmeter-2_5,org.apache.jmeter.protocol.http.parser,TestData,4,0,1,0,12,1,0,0,0.0,0,0
jmeter-2_5,org.apache.jmeter.protocol.http.parser,TestHtmlParsingUtils,0,0,8,7,60,8,0,0,-1.0,0,3
jmeter-2_5,org.apache.jmeter.protocol.http.proxy,Daemon,7,0,4,4,91,6,0,0,0.0,1,3
jmeter-2_5,org.apache.jmeter.protocol.http.proxy,FormCharSetFinder,1,0,3,1,79,13,0,0,0.6666666666666666,1,1
jmeter-2_5,org.apache.jmeter.protocol.http.proxy,HttpReplyHdr,3,0,22,19,208,24,0,0,0.09090909090909091,2,1
jmeter-2_5,org.apache.jmeter.protocol.http.proxy,HttpRequestHdr,19,0,20,7,426,79,0,0,0.0,2,11
jmeter-2_5,org.apache.jmeter.protocol.http.proxy,Proxy,25,0,13,2,426,43,0,0,0.15384615384615385,1,10
jmeter-2_5,org.apache.jmeter.protocol.http.proxy,ProxyControl,42,2,65,47,693,143,0,0,0.07692307692307693,4,21
jmeter-2_5,org.apache.jmeter.protocol.http.proxy,TestHttpRequestHdr,0,0,15,9,370,21,0,0,-1.0,0,7
jmeter-2_5,org.apache.jmeter.protocol.http.proxy,TestProxyControl,2,0,9,9,98,9,0,0,0.2222222222222222,0,3
jmeter-2_5,org.apache.jmeter.protocol.http.proxy.gui,ProxyControlGui,38,0,32,11,570,60,0,0,0.15625,0,12
jmeter-2_5,org.apache.jmeter.protocol.http.proxy.gui,TreeNodeWrapper,2,0,3,3,17,3,0,0,0.0,0,1
jmeter-2_5,org.apache.jmeter.protocol.http.sampler,AccessLogSampler,10,1,21,20,237,39,0,2,0.38095238095238093,2,8
jmeter-2_5,org.apache.jmeter.protocol.http.sampler,AccessLogSamplerBeanInfo,1,0,1,1,47,2,0,0,0.0,0,3
jmeter-2_5,org.apache.jmeter.protocol.http.sampler,AjpSampler,20,0,24,3,423,71,0,1,0.08333333333333333,1,11
jmeter-2_5,org.apache.jmeter.protocol.http.sampler,HTTPAbstractImpl,1,0,31,0,180,31,2,0,0.0967741935483871,1,3
jmeter-2_5,org.apache.jmeter.protocol.http.sampler,HTTPHC3Impl,7,0,19,4,700,119,0,2,0.21052631578947367,2,17
jmeter-2_5,org.apache.jmeter.protocol.http.sampler,ViewableFilePart,1,0,3,2,21,4,0,0,0.0,1,0
jmeter-2_5,org.apache.jmeter.protocol.http.sampler,HTTPHC4Impl,17,0,24,8,703,119,0,2,0.16666666666666666,1,14
jmeter-2_5,org.apache.jmeter.protocol.http.sampler,HttpClientKey,7,0,5,3,52,9,0,0,0.0,2,1
jmeter-2_5,org.apache.jmeter.protocol.http.sampler,ViewableFileBody,1,0,2,2,15,3,0,0,0.0,0,0
jmeter-2_5,org.apache.jmeter.protocol.http.sampler,HTTPHCAbstractImpl,18,0,5,0,92,7,2,1,0.6,1,3
jmeter-2_5,org.apache.jmeter.protocol.http.sampler,HTTPJavaImpl,7,0,16,1,449,71,0,1,0.125,1,14
jmeter-2_5,org.apache.jmeter.protocol.http.sampler,HTTPSampleResult,7,0,15,15,150,26,0,0,0.4,16,2
jmeter-2_5,org.apache.jmeter.protocol.http.sampler,HTTPSampler,2,0,3,2,16,3,1,1,0.0,2,1
jmeter-2_5,org.apache.jmeter.protocol.http.sampler,HTTPSampler2,2,0,8,2,31,8,1,1,0.0,0,3
jmeter-2_5,org.apache.jmeter.protocol.http.sampler,HTTPSamplerBase,68,38,113,100,1183,200,7,0,0.168141592920354,39,21
jmeter-2_5,org.apache.jmeter.protocol.http.sampler,ASyncSample,4,0,2,2,18,2,0,0,0.0,0,0
jmeter-2_5,org.apache.jmeter.protocol.http.sampler,HTTPSamplerBaseBeanInfo,0,0,0,0,5,0,0,0,-1.0,0,0
jmeter-2_5,org.apache.jmeter.protocol.http.sampler,HTTPSamplerBaseConverter,0,0,4,4,35,6,0,0,-1.0,0,2
jmeter-2_5,org.apache.jmeter.protocol.http.sampler,HTTPSamplerFactory,6,6,5,4,67,13,0,0,0.4,10,2
jmeter-2_5,org.apache.jmeter.protocol.http.sampler,HTTPSamplerProxy,2,0,5,4,43,8,0,1,0.4,0,2
jmeter-2_5,org.apache.jmeter.protocol.http.sampler,HttpClientDefaultParameters,1,0,10,8,98,18,0,0,1.0,0,2
jmeter-2_5,org.apache.jmeter.protocol.http.sampler,GenericHttpParams,0,0,2,2,4,2,0,0,-1.0,1,0
jmeter-2_5,org.apache.jmeter.protocol.http.sampler,PostWriter,8,1,13,4,286,36,1,0,0.15384615384615385,2,5
jmeter-2_5,org.apache.jmeter.protocol.http.sampler,PutWriter,0,0,2,2,55,10,0,1,-1.0,1,5
jmeter-2_5,org.apache.jmeter.protocol.http.sampler,SoapSampler,11,5,23,20,243,40,0,2,0.2608695652173913,1,6
jmeter-2_5,org.apache.jmeter.protocol.http.sampler,WebServiceSampler,18,0,31,26,436,63,0,1,0.12903225806451613,1,7
jmeter-2_5,org.apache.jmeter.protocol.http.sampler,HTTPNullSampler,1,0,1,0,16,1,0,1,0.0,0,1
jmeter-2_5,org.apache.jmeter.protocol.http.sampler,HTTPSampler3,2,0,3,2,16,3,0,1,0.0,0,1
jmeter-2_5,org.apache.jmeter.protocol.http.sampler,NullURLConnection,1,0,5,5,20,5,0,0,0.8,0,0
jmeter-2_5,org.apache.jmeter.protocol.http.sampler,PackageTest,0,0,3,2,24,3,0,0,-1.0,0,2
jmeter-2_5,org.apache.jmeter.protocol.http.sampler,PostWriterTest,11,0,34,16,637,50,0,0,0.20588235294117646,0,7
jmeter-2_5,org.apache.jmeter.protocol.http.sampler,StubURLConnection,2,0,8,8,29,8,0,0,0.75,1,0
jmeter-2_5,org.apache.jmeter.protocol.http.sampler,PutWriterTest,0,0,2,2,17,2,0,0,-1.0,0,3
jmeter-2_5,org.apache.jmeter.protocol.http.sampler,TestHTTPSamplers,0,0,19,19,258,19,0,0,-1.0,0,5
jmeter-2_5,org.apache.jmeter.protocol.http.sampler,TestHTTPSamplersAgainstHttpMirrorServer,10,0,52,20,944,92,0,0,0.038461538461538464,0,11
jmeter-2_5,org.apache.jmeter.protocol.http.util,Base64Encoder,2,0,4,3,54,7,0,0,0.75,2,1
jmeter-2_5,org.apache.jmeter.protocol.http.util,ConversionUtils,6,0,3,3,131,25,0,0,1.0,10,1
jmeter-2_5,org.apache.jmeter.protocol.http.util,DOMPool,1,0,3,2,30,3,0,0,0.6666666666666666,1,0
jmeter-2_5,org.apache.jmeter.protocol.http.util,EncoderCache,2,1,3,3,40,4,0,0,0.0,5,0
jmeter-2_5,org.apache.jmeter.protocol.http.util,HC4TrustAllSSLSocketFactory,1,0,2,2,18,2,1,0,1.0,0,0
jmeter-2_5,org.apache.jmeter.protocol.http.util,HTTPArgument,5,0,17,17,150,25,0,0,0.5882352941176471,11,4
jmeter-2_5,org.apache.jmeter.protocol.http.util,HTTPConstants,0,0,0,0,5,0,0,1,-1.0,9,0
jmeter-2_5,org.apache.jmeter.protocol.http.util,HTTPConstantsInterface,37,37,0,0,42,0,1,0,-1.0,5,0
jmeter-2_5,org.apache.jmeter.protocol.http.util,HTTPFileArg,5,0,16,15,135,18,0,0,0.25,17,2
jmeter-2_5,org.apache.jmeter.protocol.http.util,HTTPFileArgs,2,0,17,17,166,27,0,0,0.11764705882352941,4,4
jmeter-2_5,org.apache.jmeter.protocol.http.util,HTTPResultConverter,0,0,7,5,85,17,0,0,-1.0,0,2
jmeter-2_5,org.apache.jmeter.protocol.http.util,LoopbackHTTPSocket,2,0,10,8,44,10,0,0,0.5,0,1
jmeter-2_5,org.apache.jmeter.protocol.http.util,LoopbackOutputStream,0,0,1,0,5,1,0,0,-1.0,2,0
jmeter-2_5,org.apache.jmeter.protocol.http.util,LoopBackInputStream,1,0,3,3,17,3,0,0,0.0,0,1
jmeter-2_5,org.apache.jmeter.protocol.http.util,LoopbackHttpClientSocketFactory,0,0,7,6,45,10,0,0,-1.0,0,0
jmeter-2_5,org.apache.jmeter.protocol.http.util,SlowHC4SSLSocketFactory,1,0,3,3,25,4,0,1,0.0,0,0
jmeter-2_5,org.apache.jmeter.protocol.http.util,SlowHC4SocketFactory,1,0,3,3,20,3,0,0,0.0,0,0
jmeter-2_5,org.apache.jmeter.protocol.http.util,SlowHttpClientSocketFactory,1,0,4,4,28,5,0,0,0.0,0,0
jmeter-2_5,org.apache.jmeter.protocol.http.util,WSDLException,1,0,3,3,21,3,0,0,1.0,0,0
jmeter-2_5,org.apache.jmeter.protocol.http.util,WSDLHelper,8,0,18,15,288,42,0,0,0.1111111111111111,2,2
jmeter-2_5,org.apache.jmeter.protocol.http.util,TestHTTPArgument,0,0,4,4,61,4,0,0,-1.0,0,3
jmeter-2_5,org.apache.jmeter.protocol.http.util,TestHTTPFileArg,0,0,4,4,41,4,0,0,-1.0,0,1
jmeter-2_5,org.apache.jmeter.protocol.http.util,TestHTTPFileArgs,0,0,6,6,87,6,0,0,-1.0,0,3
jmeter-2_5,org.apache.jmeter.protocol.http.util,TestHTTPUtils,0,0,5,5,54,5,0,0,-1.0,0,1
jmeter-2_5,org.apache.jmeter.protocol.http.util.accesslog,Filter,0,0,8,8,47,8,2,0,-1.0,3,1
jmeter-2_5,org.apache.jmeter.protocol.http.util.accesslog,Generator,0,0,13,13,67,13,1,0,-1.0,0,1
jmeter-2_5,org.apache.jmeter.protocol.http.util.accesslog,LogFilter,15,0,17,13,265,44,0,1,0.17647058823529413,1,2
jmeter-2_5,org.apache.jmeter.protocol.http.util.accesslog,LogParser,0,0,4,4,26,4,1,0,-1.0,1,2
jmeter-2_5,org.apache.jmeter.protocol.http.util.accesslog,NVPair,2,0,6,6,47,6,0,0,0.3333333333333333,3,0
jmeter-2_5,org.apache.jmeter.protocol.http.util.accesslog,OrderPreservingLogParser,0,0,3,3,16,3,0,3,-1.0,0,1
jmeter-2_5,org.apache.jmeter.protocol.http.util.accesslog,SessionFilter,5,0,15,12,131,21,0,1,0.6666666666666666,1,4
jmeter-2_5,org.apache.jmeter.protocol.http.util.accesslog,SharedTCLogParser,0,0,6,5,68,10,1,2,-1.0,1,3
jmeter-2_5,org.apache.jmeter.protocol.http.util.accesslog,StandardGenerator,7,0,17,15,122,18,0,1,0.35294117647058826,0,4
jmeter-2_5,org.apache.jmeter.protocol.http.util.accesslog,TCLogParser,12,3,25,18,364,54,1,1,0.16,2,5
jmeter-2_5,org.apache.jmeter.protocol.http.util.accesslog,TestLogFilter,11,0,8,7,97,16,0,0,0.25,0,2
jmeter-2_5,org.apache.jmeter.protocol.http.util.accesslog,TestData,5,0,1,0,14,1,0,0,0.0,1,0
jmeter-2_5,org.apache.jmeter.protocol.http.util.accesslog,TestTCLogParser,4,0,4,4,28,4,0,0,0.5,0,1
jmeter-2_5,org.apache.jmeter.protocol.http.visualizers,RequestViewHTTP,17,0,10,8,166,23,0,0,0.2,1,6
jmeter-2_5,org.apache.jmeter.protocol.java.config,JavaConfig,1,0,7,7,56,7,0,0,0.7142857142857143,2,2
jmeter-2_5,org.apache.jmeter.protocol.java.config.gui,JavaConfigGui,5,0,10,7,153,16,0,0,0.3,1,11
jmeter-2_5,org.apache.jmeter.protocol.java.test,JavaTest,25,2,8,5,232,16,0,0,0.0,0,4
jmeter-2_5,org.apache.jmeter.protocol.java.test,SleepTest,5,2,7,5,120,11,0,0,0.0,0,3
jmeter-2_5,org.apache.jmeter.protocol.jdbc.config,DataSourceElement,18,0,40,36,334,53,0,0,0.2,2,6
jmeter-2_5,org.apache.jmeter.protocol.jdbc.config,DataSourceComponentImpl,1,0,4,2,32,7,0,0,0.5,0,0
jmeter-2_5,org.apache.jmeter.protocol.jdbc.config,DataSourceElementBeanInfo,0,0,1,1,45,1,0,0,-1.0,0,0
jmeter-2_5,org.apache.jmeter.protocol.jdbc.sampler,JDBCSampler,30,0,30,20,505,82,0,0,0.06666666666666667,2,6
jmeter-2_5,org.apache.jmeter.protocol.jdbc.sampler,JDBCSamplerBeanInfo,0,0,1,1,33,1,0,0,-1.0,0,1
jmeter-2_5,org.apache.jmeter.protocol.jms,Utils,0,0,9,9,116,16,0,0,-1.0,7,1
jmeter-2_5,org.apache.jmeter.protocol.jms.client,ClientPool,2,0,4,4,37,5,0,0,0.0,1,0
jmeter-2_5,org.apache.jmeter.protocol.jms.client,InitialContextFactory,2,0,3,3,85,7,0,0,0.0,3,1
jmeter-2_5,org.apache.jmeter.protocol.jms.client,Publisher,6,0,9,9,105,14,0,0,0.4444444444444444,1,2
jmeter-2_5,org.apache.jmeter.protocol.jms.client,ReceiveSubscriber,5,0,9,7,153,15,0,0,0.0,1,2
jmeter-2_5,org.apache.jmeter.protocol.jms.control.gui,JMSPublisherGui,28,5,11,7,236,19,0,0,0.18181818181818182,1,7
jmeter-2_5,org.apache.jmeter.protocol.jms.control.gui,JMSSamplerGui,15,0,9,6,167,12,0,0,0.2222222222222222,0,8
jmeter-2_5,org.apache.jmeter.protocol.jms.control.gui,JMSSubscriberGui,22,2,9,7,156,11,0,0,0.2222222222222222,1,4
jmeter-2_5,org.apache.jmeter.protocol.jms.sampler,BaseJMSSampler,14,0,29,29,247,30,2,0,0.4827586206896552,0,1
jmeter-2_5,org.apache.jmeter.protocol.jms.sampler,FixedQueueExecutor,4,0,2,2,62,6,0,1,0.0,0,1
jmeter-2_5,org.apache.jmeter.protocol.jms.sampler,JMSSampler,26,0,42,33,399,75,0,0,0.047619047619047616,2,8
jmeter-2_5,org.apache.jmeter.protocol.jms.sampler,MessageAdmin,3,0,5,4,55,11,0,0,0.6,3,1
jmeter-2_5,org.apache.jmeter.protocol.jms.sampler,PlaceHolder,2,0,6,3,22,6,0,0,0.0,0,0
jmeter-2_5,org.apache.jmeter.protocol.jms.sampler,PublisherSampler,12,0,21,18,246,35,0,1,0.19047619047619047,1,8
jmeter-2_5,org.apache.jmeter.protocol.jms.sampler,QueueExecutor,0,0,1,1,13,1,2,0,-1.0,1,0
jmeter-2_5,org.apache.jmeter.protocol.jms.sampler,Receiver,6,0,4,3,81,9,0,0,0.0,2,3
jmeter-2_5,org.apache.jmeter.protocol.jms.sampler,SubscriberSampler,17,0,20,16,275,45,0,1,0.1,1,4
jmeter-2_5,org.apache.jmeter.protocol.jms.sampler,TemporaryQueueExecutor,1,0,2,2,25,2,0,1,0.0,0,0
jmeter-2_5,org.apache.jmeter.protocol.ldap.config.gui,LDAPArgument,5,0,11,11,105,11,0,0,0.18181818181818182,3,0
jmeter-2_5,org.apache.jmeter.protocol.ldap.config.gui,LDAPArguments,2,1,17,17,175,28,0,0,0.0,2,3
jmeter-2_5,org.apache.jmeter.protocol.ldap.config.gui,LDAPArgumentsPanel,9,0,21,10,243,33,0,0,0.19047619047619047,4,7
jmeter-2_5,org.apache.jmeter.protocol.ldap.config.gui,LdapConfigGui,19,0,18,8,342,33,0,0,0.16666666666666666,1,6
jmeter-2_5,org.apache.jmeter.protocol.ldap.config.gui,LdapExtConfigGui,47,0,22,8,537,49,0,0,0.13636363636363635,1,8
jmeter-2_5,org.apache.jmeter.protocol.ldap.config.gui,PackageTest,0,0,2,2,21,2,0,0,-1.0,0,1
jmeter-2_5,org.apache.jmeter.protocol.ldap.control.gui,LdapExtTestSamplerGui,2,0,7,6,54,7,0,0,0.2857142857142857,0,3
jmeter-2_5,org.apache.jmeter.protocol.ldap.control.gui,LdapTestSamplerGui,3,0,7,6,55,7,0,0,0.2857142857142857,0,6
jmeter-2_5,org.apache.jmeter.protocol.ldap.sampler,LDAPExtSampler,38,33,67,49,795,118,0,0,0.1044776119402985,2,10
jmeter-2_5,org.apache.jmeter.protocol.ldap.sampler,LDAPSampler,16,12,28,19,332,40,0,0,0.07142857142857142,2,7
jmeter-2_5,org.apache.jmeter.protocol.ldap.sampler,LdapClient,2,0,7,7,71,8,0,0,0.2857142857142857,1,0
jmeter-2_5,org.apache.jmeter.protocol.ldap.sampler,LdapExtClient,2,0,9,9,133,20,0,0,0.2222222222222222,1,1
jmeter-2_5,org.apache.jmeter.protocol.mail.sampler,MailFileFolder,6,0,23,23,115,28,0,0,0.782608695652174,0,0
jmeter-2_5,org.apache.jmeter.protocol.mail.sampler,MailFileMessage,0,0,1,0,5,1,0,0,-1.0,0,0
jmeter-2_5,org.apache.jmeter.protocol.mail.sampler,MailFileStore,0,0,5,4,21,6,0,0,-1.0,0,0
jmeter-2_5,org.apache.jmeter.protocol.mail.sampler,MailReaderSampler,17,2,33,30,414,64,0,0,0.0,1,4
jmeter-2_5,org.apache.jmeter.protocol.mail.sampler.gui,MailReaderSamplerGui,25,0,17,11,211,24,0,0,0.17647058823529413,0,4
jmeter-2_5,org.apache.jmeter.protocol.smtp.sampler,SmtpSampler,24,22,7,2,280,28,0,0,0.2857142857142857,3,7
jmeter-2_5,org.apache.jmeter.protocol.smtp.sampler.gui,SecuritySettingsPanel,16,6,28,24,292,34,0,0,0.0,5,2
jmeter-2_5,org.apache.jmeter.protocol.smtp.sampler.gui,SmtpPanel,46,0,66,55,801,78,0,0,0.0,1,5
jmeter-2_5,org.apache.jmeter.protocol.smtp.sampler.gui,SmtpSamplerGui,2,0,8,6,131,12,0,0,0.25,0,5
jmeter-2_5,org.apache.jmeter.protocol.smtp.sampler.protocol,LocalTrustStoreSSLSocketFactory,1,0,9,9,77,9,0,0,0.0,0,0
jmeter-2_5,org.apache.jmeter.protocol.smtp.sampler.protocol,SendMailCommand,29,0,52,50,538,81,0,0,0.038461538461538464,1,4
jmeter-2_5,org.apache.jmeter.protocol.smtp.sampler.protocol,SynchronousTransportListener,3,0,6,6,54,7,0,0,0.3333333333333333,1,0
jmeter-2_5,org.apache.jmeter.protocol.smtp.sampler.protocol,TrustAllSSLSocketFactory,1,0,13,13,84,13,0,0,0.38461538461538464,0,0
jmeter-2_5,org.apache.jmeter.protocol.smtp.sampler.tools,CounterOutputStream,1,0,5,5,35,5,0,0,0.6,1,0
jmeter-2_5,org.apache.jmeter.protocol.tcp.config.gui,TCPConfigGui,7,0,11,7,107,12,0,0,0.2727272727272727,1,8
jmeter-2_5,org.apache.jmeter.protocol.tcp.control.gui,TCPSamplerGui,3,0,7,6,51,7,0,0,0.2857142857142857,0,6
jmeter-2_5,org.apache.jmeter.protocol.tcp.sampler,AbstractTCPClient,2,0,4,4,35,5,3,1,0.75,0,0
jmeter-2_5,org.apache.jmeter.protocol.tcp.sampler,BinaryTCPClientImpl,2,0,5,5,89,11,0,2,0.4,2,2
jmeter-2_5,org.apache.jmeter.protocol.tcp.sampler,LengthPrefixedBinaryTCPClientImpl,2,0,6,6,71,8,0,3,0.8333333333333334,1,1
jmeter-2_5,org.apache.jmeter.protocol.tcp.sampler,TCPClient,0,0,7,2,38,7,1,0,-1.0,2,0
jmeter-2_5,org.apache.jmeter.protocol.tcp.sampler,TCPClientDecorator,1,0,3,3,50,8,1,2,1.0,1,1
jmeter-2_5,org.apache.jmeter.protocol.tcp.sampler,TCPClientImpl,2,0,4,4,69,8,0,2,0.0,0,0
jmeter-2_5,org.apache.jmeter.protocol.tcp.sampler,TCPSampler,22,9,33,25,329,51,0,0,0.06060606060606061,2,5
jmeter-2_5,org.apache.jmeter.protocol.tcp.sampler,BinaryTCPClientImplTest,0,0,3,3,49,3,0,0,-1.0,0,2
jmeter-2_5,org.apache.jmeter.protocol.tcp.sampler,LengthPrefixedBinaryTCPClientImplTest,0,0,2,2,24,2,0,0,-1.0,0,1
jmeter-2_5,org.apache.jmeter.protocol.tcp.sampler,TCPClientDecoratorTest,0,0,3,3,184,3,0,0,-1.0,0,1
jmeter-2_5,org.apache.jmeter.report,DataSet,0,0,15,15,71,15,0,0,-1.0,2,0
jmeter-2_5,org.apache.jmeter.report,ReportChart,0,0,1,0,8,1,0,0,-1.0,0,0
jmeter-2_5,org.apache.jmeter.report,ReportTable,0,0,1,0,3,1,0,0,-1.0,0,0
jmeter-2_5,org.apache.jmeter.report.engine,ReportEngine,0,0,5,0,10,5,1,0,-1.0,0,1
jmeter-2_5,org.apache.jmeter.report.engine,StandardReportEngine,1,0,7,7,20,7,0,1,1.0,0,1
jmeter-2_5,org.apache.jmeter.report.engine,ValueReplacer,1,0,9,9,41,9,0,0,0.6666666666666666,0,2
jmeter-2_5,org.apache.jmeter.report.gui,AbstractReportGui,1,0,7,5,53,7,4,0,0.8571428571428571,0,4
jmeter-2_5,org.apache.jmeter.report.gui,BarChartGui,7,0,7,6,88,7,0,1,0.42857142857142855,0,10
jmeter-2_5,org.apache.jmeter.report.gui,LineGraphGui,7,0,7,6,87,7,0,1,0.42857142857142855,0,10
jmeter-2_5,org.apache.jmeter.report.gui,ReportPageGui,7,0,6,5,77,6,0,1,0.3333333333333333,0,7
jmeter-2_5,org.apache.jmeter.report.gui,TableGui,10,0,8,7,93,8,0,1,0.375,0,5
jmeter-2_5,org.apache.jmeter.report.gui.action,AbstractAction,1,0,3,2,26,5,6,0,1.0,0,4
jmeter-2_5,org.apache.jmeter.report.gui.action,ReportActionRouter,5,0,16,11,226,43,0,0,0.125,13,5
jmeter-2_5,org.apache.jmeter.report.gui.action,ReportAddParent,2,0,5,3,38,6,0,0,0.6,0,3
jmeter-2_5,org.apache.jmeter.report.gui.action,ReportAddToTree,2,0,4,3,37,5,0,0,0.5,0,3
jmeter-2_5,org.apache.jmeter.report.gui.action,ReportCheckDirty,11,5,7,7,101,17,0,1,0.5714285714285714,6,6
jmeter-2_5,org.apache.jmeter.report.gui.action,ReportClose,1,0,3,3,38,5,0,0,1.0,0,5
jmeter-2_5,org.apache.jmeter.report.gui.action,ReportCopy,4,0,9,8,63,15,0,1,0.3333333333333333,3,4
jmeter-2_5,org.apache.jmeter.report.gui.action,ReportCut,2,1,2,2,25,3,0,1,1.0,0,3
jmeter-2_5,org.apache.jmeter.report.gui.action,ReportDragNDrop,4,3,4,2,82,17,0,1,0.5,3,5
jmeter-2_5,org.apache.jmeter.report.gui.action,ReportEditCommand,1,0,3,3,24,4,0,0,1.0,0,1
jmeter-2_5,org.apache.jmeter.report.gui.action,ReportEnableComponent,4,2,3,2,37,6,0,0,0.6666666666666666,0,2
jmeter-2_5,org.apache.jmeter.report.gui.action,ReportExitCommand,2,1,3,3,41,7,0,0,1.0,1,5
jmeter-2_5,org.apache.jmeter.report.gui.action,ReportHelp,10,4,3,2,68,6,0,0,0.6666666666666666,0,4
jmeter-2_5,org.apache.jmeter.report.gui.action,ReportLoad,3,0,4,4,82,12,0,0,0.75,0,9
jmeter-2_5,org.apache.jmeter.report.gui.action,ReportLookAndFeelCommand,0,0,0,0,2,0,0,0,-1.0,0,0
jmeter-2_5,org.apache.jmeter.report.gui.action,ReportPaste,2,1,2,2,32,5,0,1,1.0,0,5
jmeter-2_5,org.apache.jmeter.report.gui.action,ReportRemove,1,0,4,4,40,6,0,0,0.75,1,6
jmeter-2_5,org.apache.jmeter.report.gui.action,ReportSave,5,3,4,3,76,10,0,0,0.5,2,9
jmeter-2_5,org.apache.jmeter.report.gui.action,ReportSaveGraphics,3,1,3,3,56,10,0,0,0.6666666666666666,0,4
jmeter-2_5,org.apache.jmeter.report.gui.action,ReportStart,2,0,4,3,43,9,0,1,0.75,0,3
jmeter-2_5,org.apache.jmeter.report.gui.tree,ReportCellRenderer,1,0,2,2,28,6,0,0,1.0,0,0
jmeter-2_5,org.apache.jmeter.report.gui.tree,ReportTreeListener,8,0,28,22,210,48,0,0,0.32142857142857145,6,6
jmeter-2_5,org.apache.jmeter.report.gui.tree,ReportTreeModel,1,0,12,9,116,24,0,0,0.4166666666666667,4,7
jmeter-2_5,org.apache.jmeter.report.gui.tree,ReportTreeNode,3,0,14,14,96,17,0,0,0.42857142857142855,13,4
jmeter-2_5,org.apache.jmeter.report.writers,AbstractReportWriter,2,1,7,7,54,9,1,1,0.42857142857142855,0,1
jmeter-2_5,org.apache.jmeter.report.writers,DefaultPageSummary,5,0,12,12,51,12,0,1,0.4166666666666667,0,0
jmeter-2_5,org.apache.jmeter.report.writers,DefaultReportSummary,1,0,5,5,41,6,0,1,0.4,0,1
jmeter-2_5,org.apache.jmeter.report.writers,HTMLReportWriter,1,0,2,2,12,2,0,2,1.0,1,1
jmeter-2_5,org.apache.jmeter.report.writers,PageSummary,0,0,11,0,16,11,1,0,-1.0,2,0
jmeter-2_5,org.apache.jmeter.report.writers,ReportSummary,0,0,4,0,25,4,1,0,-1.0,0,1
jmeter-2_5,org.apache.jmeter.report.writers,ReportWriter,0,0,3,0,8,3,1,0,-1.0,0,1
jmeter-2_5,org.apache.jmeter.report.writers.gui,HTMLReportWriterGui,2,0,7,6,47,7,0,0,0.42857142857142855,0,4
jmeter-2_5,org.apache.jmeter.junit,JMeterTest,12,0,30,20,440,76,0,1,0.2,1,10
jmeter-2_5,org.apache.jmeter.junit,JMeterTestCase,2,0,7,2,109,12,1,0,0.8571428571428571,0,1
jmeter-2_5,org.apache.jmeter.junit.stubs,TestSampler,3,0,6,6,34,7,0,0,0.6666666666666666,2,1
jmeter-2_5,org.apache.jmeter.monitor.model.benchmark,ParseBenchmark,0,0,2,2,63,10,0,0,-1.0,0,1
jmeter-2_5,org.apache.jmeter.resources,PackageTest,8,0,10,4,149,33,0,0,0.2,1,2
jmeter-2_5,org.apache.jorphan,TestFunctorUsers,0,0,8,8,26,8,0,0,-1.0,0,7
jmeter-2_5,org.apache.jorphan,TestXMLBuffer,0,0,5,5,31,5,0,0,-1.0,0,1
