Project Name,Package Name,Type Name,Code Smell
jmeter-2_2,org.apache.jmeter.assertions,BeanShellAssertion,Deficient Encapsulation
jmeter-2_2,org.apache.jmeter.assertions,DurationAssertion,Deficient Encapsulation
jmeter-2_2,org.apache.jmeter.assertions,HTMLAssertion,Deficient Encapsulation
jmeter-2_2,org.apache.jmeter.assertions,ResponseAssertion,Deficient Encapsulation
jmeter-2_2,org.apache.jmeter.assertions,ResponseAssertion,Insufficient Modularization
jmeter-2_2,org.apache.jmeter.assertions,SizeAssertion,Deficient Encapsulation
jmeter-2_2,org.apache.jmeter.assertions,XMLSchemaAssertion,Deficient Encapsulation
jmeter-2_2,org.apache.jmeter.assertions,SAXErrorHandler,Unutilized Abstraction
jmeter-2_2,org.apache.jmeter.assertions,XPathAssertion,Deficient Encapsulation
jmeter-2_2,org.apache.jmeter.assertions,Assertion,Cyclic-Dependent Modularization
jmeter-2_2,org.apache.jmeter.assertions,AssertionResult,Deficient Encapsulation
jmeter-2_2,org.apache.jmeter.assertions,PackageTest,Unutilized Abstraction
jmeter-2_2,org.apache.jmeter.assertions,TestThread,Unutilized Abstraction
jmeter-2_2,org.apache.jmeter.assertions,XMLSchemaAssertionTest,Unutilized Abstraction
jmeter-2_2,org.apache.jmeter.assertions.gui,AssertionGui,Unutilized Abstraction
jmeter-2_2,org.apache.jmeter.assertions.gui,AssertionGui,Broken Hierarchy
jmeter-2_2,org.apache.jmeter.assertions.gui,ClearPatternsListener,Unutilized Abstraction
jmeter-2_2,org.apache.jmeter.assertions.gui,AddPatternListener,Unutilized Abstraction
jmeter-2_2,org.apache.jmeter.assertions.gui,BeanShellAssertionGui,Unutilized Abstraction
jmeter-2_2,org.apache.jmeter.assertions.gui,BeanShellAssertionGui,Broken Hierarchy
jmeter-2_2,org.apache.jmeter.assertions.gui,DurationAssertionGui,Unutilized Abstraction
jmeter-2_2,org.apache.jmeter.assertions.gui,DurationAssertionGui,Broken Hierarchy
jmeter-2_2,org.apache.jmeter.assertions.gui,HTMLAssertionGui,Unutilized Abstraction
jmeter-2_2,org.apache.jmeter.assertions.gui,HTMLAssertionGui,Broken Hierarchy
jmeter-2_2,org.apache.jmeter.assertions.gui,MD5HexAssertionGUI,Unutilized Abstraction
jmeter-2_2,org.apache.jmeter.assertions.gui,MD5HexAssertionGUI,Broken Hierarchy
jmeter-2_2,org.apache.jmeter.assertions.gui,SizeAssertionGui,Unutilized Abstraction
jmeter-2_2,org.apache.jmeter.assertions.gui,SizeAssertionGui,Broken Hierarchy
jmeter-2_2,org.apache.jmeter.assertions.gui,XMLAssertionGui,Unutilized Abstraction
jmeter-2_2,org.apache.jmeter.assertions.gui,XMLAssertionGui,Broken Hierarchy
jmeter-2_2,org.apache.jmeter.assertions.gui,XMLSchemaAssertionGUI,Unutilized Abstraction
jmeter-2_2,org.apache.jmeter.assertions.gui,XMLSchemaAssertionGUI,Broken Hierarchy
jmeter-2_2,org.apache.jmeter.assertions.gui,XPathAssertionGui,Unutilized Abstraction
jmeter-2_2,org.apache.jmeter.assertions.gui,XPathAssertionGui,Broken Hierarchy
jmeter-2_2,org.apache.jmeter.assertions.gui,AbstractAssertionGui,Unutilized Abstraction
jmeter-2_2,org.apache.jmeter.config,CSVDataSet,Broken Hierarchy
jmeter-2_2,org.apache.jmeter.config,CSVDataSetBeanInfo,Unutilized Abstraction
jmeter-2_2,org.apache.jmeter.config,Argument,Deficient Encapsulation
jmeter-2_2,org.apache.jmeter.config,Arguments,Deficient Encapsulation
jmeter-2_2,org.apache.jmeter.config,Arguments,Broken Hierarchy
jmeter-2_2,org.apache.jmeter.config,Arguments,Cyclic-Dependent Modularization
jmeter-2_2,org.apache.jmeter.config,ConfigTestElement,Deficient Encapsulation
jmeter-2_2,org.apache.jmeter.config,ConfigTestElement,Cyclic-Dependent Modularization
jmeter-2_2,org.apache.jmeter.config,LoginConfig,Broken Hierarchy
jmeter-2_2,org.apache.jmeter.config,TestCVSDataSet,Unutilized Abstraction
jmeter-2_2,org.apache.jmeter.control,IncludeController,Broken Hierarchy
jmeter-2_2,org.apache.jmeter.control,InterleaveControl,Deficient Encapsulation
jmeter-2_2,org.apache.jmeter.control,ModuleController,Broken Hierarchy
jmeter-2_2,org.apache.jmeter.control,OnceOnlyController,Broken Hierarchy
jmeter-2_2,org.apache.jmeter.control,RandomController,Broken Hierarchy
jmeter-2_2,org.apache.jmeter.control,ThroughputController,Deficient Encapsulation
jmeter-2_2,org.apache.jmeter.control,ThroughputController,Insufficient Modularization
jmeter-2_2,org.apache.jmeter.control,TransactionController,Multipath Hierarchy
jmeter-2_2,org.apache.jmeter.control,Controller,Cyclic-Dependent Modularization
jmeter-2_2,org.apache.jmeter.control,GenericController,Wide Hierarchy
jmeter-2_2,org.apache.jmeter.control,NextIsNullException,Unnecessary Abstraction
jmeter-2_2,org.apache.jmeter.control,NextIsNullException,Unutilized Abstraction
jmeter-2_2,org.apache.jmeter.control,NoEntryException,Unutilized Abstraction
jmeter-2_2,org.apache.jmeter.control,TestGenericController,Unutilized Abstraction
jmeter-2_2,org.apache.jmeter.control,TestIfController,Unutilized Abstraction
jmeter-2_2,org.apache.jmeter.control,TestInterleaveControl,Unutilized Abstraction
jmeter-2_2,org.apache.jmeter.control,TestLoopController,Unutilized Abstraction
jmeter-2_2,org.apache.jmeter.control,TestOnceOnlyController,Unutilized Abstraction
jmeter-2_2,org.apache.jmeter.control,TestRandomOrderController,Unutilized Abstraction
jmeter-2_2,org.apache.jmeter.control,TestRunTime,Unutilized Abstraction
jmeter-2_2,org.apache.jmeter.control,TestSwitchController,Unutilized Abstraction
jmeter-2_2,org.apache.jmeter.control,TestThroughputController,Unutilized Abstraction
jmeter-2_2,org.apache.jmeter.control,TestWhileController,Unutilized Abstraction
jmeter-2_2,org.apache.jmeter.control.gui,ForeachControlPanel,Unutilized Abstraction
jmeter-2_2,org.apache.jmeter.control.gui,ForeachControlPanel,Broken Hierarchy
jmeter-2_2,org.apache.jmeter.control.gui,IncludeControllerGui,Unutilized Abstraction
jmeter-2_2,org.apache.jmeter.control.gui,IncludeControllerGui,Deficient Encapsulation
jmeter-2_2,org.apache.jmeter.control.gui,InterleaveControlGui,Unutilized Abstraction
jmeter-2_2,org.apache.jmeter.control.gui,InterleaveControlGui,Broken Hierarchy
jmeter-2_2,org.apache.jmeter.control.gui,ModuleControllerGui,Unutilized Abstraction
jmeter-2_2,org.apache.jmeter.control.gui,ModuleControllerGui,Deficient Encapsulation
jmeter-2_2,org.apache.jmeter.control.gui,TreeNodeWrapper,Unutilized Abstraction
jmeter-2_2,org.apache.jmeter.control.gui,OnceOnlyControllerGui,Unutilized Abstraction
jmeter-2_2,org.apache.jmeter.control.gui,OnceOnlyControllerGui,Broken Hierarchy
jmeter-2_2,org.apache.jmeter.control.gui,RandomControlGui,Unutilized Abstraction
jmeter-2_2,org.apache.jmeter.control.gui,RandomControlGui,Broken Hierarchy
jmeter-2_2,org.apache.jmeter.control.gui,RandomOrderControllerGui,Unutilized Abstraction
jmeter-2_2,org.apache.jmeter.control.gui,SwitchControllerGui,Unutilized Abstraction
jmeter-2_2,org.apache.jmeter.control.gui,SwitchControllerGui,Broken Hierarchy
jmeter-2_2,org.apache.jmeter.control.gui,ThroughputControllerGui,Unutilized Abstraction
jmeter-2_2,org.apache.jmeter.control.gui,ThroughputControllerGui,Broken Hierarchy
jmeter-2_2,org.apache.jmeter.control.gui,TransactionControllerGui,Unutilized Abstraction
jmeter-2_2,org.apache.jmeter.control.gui,TransactionControllerGui,Broken Hierarchy
jmeter-2_2,org.apache.jmeter.control.gui,AbstractControllerGui,Unutilized Abstraction
jmeter-2_2,org.apache.jmeter.control.gui,AbstractControllerGui,Wide Hierarchy
jmeter-2_2,org.apache.jmeter.control.gui,IfControllerPanel,Unutilized Abstraction
jmeter-2_2,org.apache.jmeter.control.gui,IfControllerPanel,Broken Hierarchy
jmeter-2_2,org.apache.jmeter.control.gui,LogicControllerGui,Unutilized Abstraction
jmeter-2_2,org.apache.jmeter.control.gui,LogicControllerGui,Broken Hierarchy
jmeter-2_2,org.apache.jmeter.control.gui,LoopControlPanel,Unutilized Abstraction
jmeter-2_2,org.apache.jmeter.control.gui,LoopControlPanel,Broken Hierarchy
jmeter-2_2,org.apache.jmeter.control.gui,RunTimeGui,Unutilized Abstraction
jmeter-2_2,org.apache.jmeter.control.gui,RunTimeGui,Broken Hierarchy
jmeter-2_2,org.apache.jmeter.control.gui,TestPlanGui,Unutilized Abstraction
jmeter-2_2,org.apache.jmeter.control.gui,WhileControllerGui,Unutilized Abstraction
jmeter-2_2,org.apache.jmeter.control.gui,WhileControllerGui,Broken Hierarchy
jmeter-2_2,org.apache.jmeter.control.gui,WorkBenchGui,Unutilized Abstraction
jmeter-2_2,org.apache.jmeter.control.gui,ReportGui,Unutilized Abstraction
jmeter-2_2,org.apache.jmeter.extractor,BeanShellPostProcessorBeanInfo,Unutilized Abstraction
jmeter-2_2,org.apache.jmeter.extractor,RegexExtractor,Deficient Encapsulation
jmeter-2_2,org.apache.jmeter.extractor,XPathExtractor,Deficient Encapsulation
jmeter-2_2,org.apache.jmeter.extractor,TestXPathExtractor,Unutilized Abstraction
jmeter-2_2,org.apache.jmeter.extractor.gui,RegexExtractorGui,Unutilized Abstraction
jmeter-2_2,org.apache.jmeter.extractor.gui,XPathExtractorGui,Unutilized Abstraction
jmeter-2_2,org.apache.jmeter.modifiers,BeanShellPreProcessorBeanInfo,Unutilized Abstraction
jmeter-2_2,org.apache.jmeter.modifiers,CounterConfig,Deficient Encapsulation
jmeter-2_2,org.apache.jmeter.modifiers,UserParameters,Deficient Encapsulation
jmeter-2_2,org.apache.jmeter.modifiers.gui,CounterConfigGui,Unutilized Abstraction
jmeter-2_2,org.apache.jmeter.modifiers.gui,UserParametersGui,Unutilized Abstraction
jmeter-2_2,org.apache.jmeter.modifiers.gui,AddParamAction,Unutilized Abstraction
jmeter-2_2,org.apache.jmeter.modifiers.gui,AddUserAction,Unutilized Abstraction
jmeter-2_2,org.apache.jmeter.modifiers.gui,DeleteRowAction,Unutilized Abstraction
jmeter-2_2,org.apache.jmeter.modifiers.gui,DeleteColumnAction,Unutilized Abstraction
jmeter-2_2,org.apache.jmeter.reporters,MailerModel,Insufficient Modularization
jmeter-2_2,org.apache.jmeter.reporters,MailerResultCollector,Unutilized Abstraction
jmeter-2_2,org.apache.jmeter.reporters,MailerResultCollector,Deficient Encapsulation
jmeter-2_2,org.apache.jmeter.reporters,ResultCollector,Deficient Encapsulation
jmeter-2_2,org.apache.jmeter.reporters,ResultCollector,Broken Hierarchy
jmeter-2_2,org.apache.jmeter.reporters,ResultCollector,Insufficient Modularization
jmeter-2_2,org.apache.jmeter.reporters,ResultSaver,Deficient Encapsulation
jmeter-2_2,org.apache.jmeter.sampler,TestAction,Deficient Encapsulation
jmeter-2_2,org.apache.jmeter.sampler.gui,TestActionGui,Unutilized Abstraction
jmeter-2_2,org.apache.jmeter.timers,BeanShellTimerBeanInfo,Unutilized Abstraction
jmeter-2_2,org.apache.jmeter.timers,ThroughputInfo,Unnecessary Abstraction
jmeter-2_2,org.apache.jmeter.timers,ConstantTimer,Deficient Encapsulation
jmeter-2_2,org.apache.jmeter.timers,GaussianRandomTimer,Unutilized Abstraction
jmeter-2_2,org.apache.jmeter.timers,GaussianRandomTimer,Broken Hierarchy
jmeter-2_2,org.apache.jmeter.timers,RandomTimer,Deficient Encapsulation
jmeter-2_2,org.apache.jmeter.timers,RandomTimer,Broken Hierarchy
jmeter-2_2,org.apache.jmeter.timers,RandomTimer,Multipath Hierarchy
jmeter-2_2,org.apache.jmeter.timers,SyncTimerBeanInfo,Unutilized Abstraction
jmeter-2_2,org.apache.jmeter.timers,UniformRandomTimer,Unutilized Abstraction
jmeter-2_2,org.apache.jmeter.timers,UniformRandomTimer,Broken Hierarchy
jmeter-2_2,org.apache.jmeter.timers,PackageTest,Unutilized Abstraction
jmeter-2_2,org.apache.jmeter.timers.gui,ConstantTimerGui,Unutilized Abstraction
jmeter-2_2,org.apache.jmeter.timers.gui,ConstantTimerGui,Broken Hierarchy
jmeter-2_2,org.apache.jmeter.timers.gui,GaussianRandomTimerGui,Unutilized Abstraction
jmeter-2_2,org.apache.jmeter.timers.gui,GaussianRandomTimerGui,Deficient Encapsulation
jmeter-2_2,org.apache.jmeter.timers.gui,GaussianRandomTimerGui,Broken Hierarchy
jmeter-2_2,org.apache.jmeter.timers.gui,UniformRandomTimerGui,Unutilized Abstraction
jmeter-2_2,org.apache.jmeter.timers.gui,UniformRandomTimerGui,Deficient Encapsulation
jmeter-2_2,org.apache.jmeter.timers.gui,UniformRandomTimerGui,Broken Hierarchy
jmeter-2_2,org.apache.jmeter.timers.gui,AbstractTimerGui,Unutilized Abstraction
jmeter-2_2,org.apache.jmeter.visualizers,AccumListener,Unutilized Abstraction
jmeter-2_2,org.apache.jmeter.visualizers,AssertionVisualizer,Unutilized Abstraction
jmeter-2_2,org.apache.jmeter.visualizers,BeanShellListener,Unutilized Abstraction
jmeter-2_2,org.apache.jmeter.visualizers,BeanShellListenerBeanInfo,Unutilized Abstraction
jmeter-2_2,org.apache.jmeter.visualizers,DistributionGraphVisualizer,Unutilized Abstraction
jmeter-2_2,org.apache.jmeter.visualizers,GraphAccum,Cyclic-Dependent Modularization
jmeter-2_2,org.apache.jmeter.visualizers,GraphAccumVisualizer,Cyclic-Dependent Modularization
jmeter-2_2,org.apache.jmeter.visualizers,GraphVisualizer,Unutilized Abstraction
jmeter-2_2,org.apache.jmeter.visualizers,MailerVisualizer,Unutilized Abstraction
jmeter-2_2,org.apache.jmeter.visualizers,ModelListener,Unutilized Abstraction
jmeter-2_2,org.apache.jmeter.visualizers,SimpleDataWriter,Unutilized Abstraction
jmeter-2_2,org.apache.jmeter.visualizers,SplineModel,Deficient Encapsulation
jmeter-2_2,org.apache.jmeter.visualizers,SplineVisualizer,Unutilized Abstraction
jmeter-2_2,org.apache.jmeter.visualizers,SplineVisualizer,Deficient Encapsulation
jmeter-2_2,org.apache.jmeter.visualizers,SplineGraph,Deficient Encapsulation
jmeter-2_2,org.apache.jmeter.visualizers,StatGraphVisualizer,Unutilized Abstraction
jmeter-2_2,org.apache.jmeter.visualizers,StatVisualizer,Unutilized Abstraction
jmeter-2_2,org.apache.jmeter.visualizers,SummaryReport,Unutilized Abstraction
jmeter-2_2,org.apache.jmeter.visualizers,TableVisualizer,Unutilized Abstraction
jmeter-2_2,org.apache.jmeter.visualizers,ViewResultsFullVisualizer,Deficient Encapsulation
jmeter-2_2,org.apache.jmeter.visualizers,ViewResultsFullVisualizer,Cyclic-Dependent Modularization
jmeter-2_2,org.apache.jmeter.visualizers,ViewResultsFullVisualizer,Insufficient Modularization
jmeter-2_2,org.apache.jmeter.visualizers,ResultsNodeRenderer,Unutilized Abstraction
jmeter-2_2,org.apache.jmeter.visualizers,LocalHTMLEditorKit,Unutilized Abstraction
jmeter-2_2,org.apache.jmeter.visualizers,LocalHTMLFactory,Unutilized Abstraction
jmeter-2_2,org.apache.jmeter.visualizers,DOMTreePanel,Unutilized Abstraction
jmeter-2_2,org.apache.jmeter.visualizers,DomTreeRenderer,Unutilized Abstraction
jmeter-2_2,org.apache.jmeter.visualizers,SAXErrorHandler,Cyclic-Dependent Modularization
jmeter-2_2,org.apache.jmeter.visualizers,ImageVisualizer,Unutilized Abstraction
jmeter-2_2,org.apache.jmeter.visualizers,Printable,Unutilized Abstraction
jmeter-2_2,org.apache.jmeter.visualizers,Sample,Insufficient Modularization
jmeter-2_2,org.apache.jmeter.visualizers,SamplingStatCalculator,Insufficient Modularization
jmeter-2_2,org.apache.jmeter.visualizers,MonitorGraph,Unutilized Abstraction
jmeter-2_2,org.apache.jmeter.visualizers,MonitorGuiListener,Unutilized Abstraction
jmeter-2_2,org.apache.jmeter.visualizers,MonitorHealthPanel,Deficient Encapsulation
jmeter-2_2,org.apache.jmeter.visualizers,MonitorHealthVisualizer,Unutilized Abstraction
jmeter-2_2,org.apache.jmeter.visualizers,MonitorHealthVisualizer,Deficient Encapsulation
jmeter-2_2,org.apache.jmeter.visualizers,MonitorListener,Cyclic-Dependent Modularization
jmeter-2_2,org.apache.jmeter.visualizers,MonitorModel,Cyclic-Dependent Modularization
jmeter-2_2,org.apache.jmeter.visualizers,MonitorModel,Insufficient Modularization
jmeter-2_2,org.apache.jmeter.visualizers,MonitorPerformancePanel,Deficient Encapsulation
jmeter-2_2,org.apache.jmeter.visualizers,MonitorStats,Insufficient Modularization
jmeter-2_2,org.apache.jmeter.visualizers,ServerPanel,Unutilized Abstraction
jmeter-2_2,org.apache.jmeter.visualizers,ServerPanel,Deficient Encapsulation
jmeter-2_2,org.apache.jmeter,JMeter,Deficient Encapsulation
jmeter-2_2,org.apache.jmeter,ListenToTest,Unutilized Abstraction
jmeter-2_2,org.apache.jmeter,ProxyAuthenticator,Unutilized Abstraction
jmeter-2_2,org.apache.jmeter,ListenToTest,Unutilized Abstraction
jmeter-2_2,org.apache.jmeter.config.gui,AbstractConfigGui,Unutilized Abstraction
jmeter-2_2,org.apache.jmeter.config.gui,ArgumentsPanel,Unutilized Abstraction
jmeter-2_2,org.apache.jmeter.config.gui,ArgumentsPanel,Deficient Encapsulation
jmeter-2_2,org.apache.jmeter.config.gui,LoginConfigGui,Unutilized Abstraction
jmeter-2_2,org.apache.jmeter.config.gui,LoginConfigGui,Broken Hierarchy
jmeter-2_2,org.apache.jmeter.config.gui,SimpleConfigGui,Unutilized Abstraction
jmeter-2_2,org.apache.jmeter.config.gui,SimpleConfigGui,Broken Hierarchy
jmeter-2_2,org.apache.jmeter.config.gui,TestArgumentsPanel,Unutilized Abstraction
jmeter-2_2,org.apache.jmeter.engine,JMeterEngineException,Unutilized Abstraction
jmeter-2_2,org.apache.jmeter.engine,LagDetector,Unutilized Abstraction
jmeter-2_2,org.apache.jmeter.engine,LagDetector,Deficient Encapsulation
jmeter-2_2,org.apache.jmeter.engine,PreCompiler,Cyclic-Dependent Modularization
jmeter-2_2,org.apache.jmeter.engine,RemoteJMeterEngineImpl,Unutilized Abstraction
jmeter-2_2,org.apache.jmeter.engine,RemoteJMeterEngineImpl,Deficient Encapsulation
jmeter-2_2,org.apache.jmeter.engine,StandardJMeterEngine,Cyclic-Dependent Modularization
jmeter-2_2,org.apache.jmeter.engine,StandardJMeterEngine,Insufficient Modularization
jmeter-2_2,org.apache.jmeter.engine,StopTest,Unutilized Abstraction
jmeter-2_2,org.apache.jmeter.engine,TurnElementsOn,Unutilized Abstraction
jmeter-2_2,org.apache.jmeter.engine,TestTreeCloner,Unutilized Abstraction
jmeter-2_2,org.apache.jmeter.engine.event,LoopIterationEvent,Cyclic-Dependent Modularization
jmeter-2_2,org.apache.jmeter.engine.event,LoopIterationListener,Cyclic-Dependent Modularization
jmeter-2_2,org.apache.jmeter.engine.util,AbstractTransformer,Unutilized Abstraction
jmeter-2_2,org.apache.jmeter.engine.util,CompoundVariable,Cyclic-Dependent Modularization
jmeter-2_2,org.apache.jmeter.engine.util,FunctionParser,Cyclic-Dependent Modularization
jmeter-2_2,org.apache.jmeter.engine.util,NoThreadClone,Unnecessary Abstraction
jmeter-2_2,org.apache.jmeter.engine.util,NoThreadClone,Unutilized Abstraction
jmeter-2_2,org.apache.jmeter.engine.util,ReplaceFunctionsWithStrings,Unutilized Abstraction
jmeter-2_2,org.apache.jmeter.engine.util,ReplaceFunctionsWithStrings,Broken Hierarchy
jmeter-2_2,org.apache.jmeter.engine.util,ReplaceStringWithFunctions,Unutilized Abstraction
jmeter-2_2,org.apache.jmeter.engine.util,ReplaceStringWithFunctions,Broken Hierarchy
jmeter-2_2,org.apache.jmeter.engine.util,SimpleVariable,Unutilized Abstraction
jmeter-2_2,org.apache.jmeter.engine.util,UndoVariableReplacement,Unutilized Abstraction
jmeter-2_2,org.apache.jmeter.engine.util,UndoVariableReplacement,Broken Hierarchy
jmeter-2_2,org.apache.jmeter.engine.util,ValueReplacer,Cyclic-Dependent Modularization
jmeter-2_2,org.apache.jmeter.engine.util,ValueTransformer,Cyclic-Dependent Modularization
jmeter-2_2,org.apache.jmeter.engine.util,PackageTest,Unutilized Abstraction
jmeter-2_2,org.apache.jmeter.engine.util,TestValueReplacer,Unutilized Abstraction
jmeter-2_2,org.apache.jmeter.exceptions,IllegalUserActionException,Unutilized Abstraction
jmeter-2_2,org.apache.jmeter.functions,AbstractFunction,Unutilized Abstraction
jmeter-2_2,org.apache.jmeter.functions,AbstractFunction,Rebellious Hierarchy
jmeter-2_2,org.apache.jmeter.functions,AbstractFunction,Wide Hierarchy
jmeter-2_2,org.apache.jmeter.functions,InvalidVariableException,Unutilized Abstraction
jmeter-2_2,org.apache.jmeter.functions,BeanShell,Unutilized Abstraction
jmeter-2_2,org.apache.jmeter.functions,BeanShell,Deficient Encapsulation
jmeter-2_2,org.apache.jmeter.functions,CSVRead,Unutilized Abstraction
jmeter-2_2,org.apache.jmeter.functions,FileRowColContainer,Deficient Encapsulation
jmeter-2_2,org.apache.jmeter.functions,IntSum,Unutilized Abstraction
jmeter-2_2,org.apache.jmeter.functions,IterationCounter,Unutilized Abstraction
jmeter-2_2,org.apache.jmeter.functions,JavaScript,Unutilized Abstraction
jmeter-2_2,org.apache.jmeter.functions,JexlFunction,Unutilized Abstraction
jmeter-2_2,org.apache.jmeter.functions,LogFunction,Unutilized Abstraction
jmeter-2_2,org.apache.jmeter.functions,LogFunction2,Unutilized Abstraction
jmeter-2_2,org.apache.jmeter.functions,MachineName,Unutilized Abstraction
jmeter-2_2,org.apache.jmeter.functions,Property,Unutilized Abstraction
jmeter-2_2,org.apache.jmeter.functions,Property2,Unutilized Abstraction
jmeter-2_2,org.apache.jmeter.functions,Random,Unutilized Abstraction
jmeter-2_2,org.apache.jmeter.functions,RegexFunction,Unutilized Abstraction
jmeter-2_2,org.apache.jmeter.functions,RegexFunction,Deficient Encapsulation
jmeter-2_2,org.apache.jmeter.functions,SetProperty,Unutilized Abstraction
jmeter-2_2,org.apache.jmeter.functions,SplitFunction,Unutilized Abstraction
jmeter-2_2,org.apache.jmeter.functions,StringFromFile,Unutilized Abstraction
jmeter-2_2,org.apache.jmeter.functions,ThreadNumber,Unutilized Abstraction
jmeter-2_2,org.apache.jmeter.functions,TimeFunction,Unutilized Abstraction
jmeter-2_2,org.apache.jmeter.functions,XPath,Unutilized Abstraction
jmeter-2_2,org.apache.jmeter.functions,PackageTest,Insufficient Modularization
jmeter-2_2,org.apache.jmeter.functions,TestFileRowColContainer,Unutilized Abstraction
jmeter-2_2,org.apache.jmeter.functions,Test,Unutilized Abstraction
jmeter-2_2,org.apache.jmeter.functions,TestRegexFunction,Unutilized Abstraction
jmeter-2_2,org.apache.jmeter.functions,TestTimeFunction,Unutilized Abstraction
jmeter-2_2,org.apache.jmeter.functions.gui,HelpListener,Unutilized Abstraction
jmeter-2_2,org.apache.jmeter.functions.util,ArgumentDecoder,Unutilized Abstraction
jmeter-2_2,org.apache.jmeter.functions.util,ArgumentEncoder,Unutilized Abstraction
jmeter-2_2,org.apache.jmeter.gui,AbstractJMeterGuiComponent,Unutilized Abstraction
jmeter-2_2,org.apache.jmeter.gui,GUIFactory,Cyclic-Dependent Modularization
jmeter-2_2,org.apache.jmeter.gui,GuiPackage,Cyclic-Dependent Modularization
jmeter-2_2,org.apache.jmeter.gui,GuiPackage,Insufficient Modularization
jmeter-2_2,org.apache.jmeter.gui,JMeterFileFilter,Unutilized Abstraction
jmeter-2_2,org.apache.jmeter.gui,JMeterGUIComponent,Cyclic-Dependent Modularization
jmeter-2_2,org.apache.jmeter.gui,MainFrame,Cyclic-Dependent Modularization
jmeter-2_2,org.apache.jmeter.gui,MainFrame,Insufficient Modularization
jmeter-2_2,org.apache.jmeter.gui,WindowHappenings,Unutilized Abstraction
jmeter-2_2,org.apache.jmeter.gui,UnsharedComponent,Unnecessary Abstraction
jmeter-2_2,org.apache.jmeter.gui,UnsharedComponent,Unutilized Abstraction
jmeter-2_2,org.apache.jmeter.gui,ReportGuiPackage,Cyclic-Dependent Modularization
jmeter-2_2,org.apache.jmeter.gui,ReportGuiPackage,Insufficient Modularization
jmeter-2_2,org.apache.jmeter.gui,ReportMainFrame,Cyclic-Dependent Modularization
jmeter-2_2,org.apache.jmeter.gui,ReportMainFrame,Insufficient Modularization
jmeter-2_2,org.apache.jmeter.gui,WindowHappenings,Unutilized Abstraction
jmeter-2_2,org.apache.jmeter.gui.action,AbstractAction,Unutilized Abstraction
jmeter-2_2,org.apache.jmeter.gui.action,AbstractAction,Rebellious Hierarchy
jmeter-2_2,org.apache.jmeter.gui.action,ActionNames,Deficient Encapsulation
jmeter-2_2,org.apache.jmeter.gui.action,ActionRouter,Cyclic-Dependent Modularization
jmeter-2_2,org.apache.jmeter.gui.action,AddParent,Unutilized Abstraction
jmeter-2_2,org.apache.jmeter.gui.action,AddToTree,Unutilized Abstraction
jmeter-2_2,org.apache.jmeter.gui.action,Analyze,Unutilized Abstraction
jmeter-2_2,org.apache.jmeter.gui.action,ChangeLanguage,Unutilized Abstraction
jmeter-2_2,org.apache.jmeter.gui.action,CheckDirty,Unutilized Abstraction
jmeter-2_2,org.apache.jmeter.gui.action,Clear,Unutilized Abstraction
jmeter-2_2,org.apache.jmeter.gui.action,Close,Unutilized Abstraction
jmeter-2_2,org.apache.jmeter.gui.action,Command,Wide Hierarchy
jmeter-2_2,org.apache.jmeter.gui.action,Copy,Unutilized Abstraction
jmeter-2_2,org.apache.jmeter.gui.action,CreateFunctionDialog,Unutilized Abstraction
jmeter-2_2,org.apache.jmeter.gui.action,Cut,Unutilized Abstraction
jmeter-2_2,org.apache.jmeter.gui.action,DragNDrop,Unutilized Abstraction
jmeter-2_2,org.apache.jmeter.gui.action,EditCommand,Unutilized Abstraction
jmeter-2_2,org.apache.jmeter.gui.action,EnableComponent,Unutilized Abstraction
jmeter-2_2,org.apache.jmeter.gui.action,Help,Deficient Encapsulation
jmeter-2_2,org.apache.jmeter.gui.action,LookAndFeelCommand,Unutilized Abstraction
jmeter-2_2,org.apache.jmeter.gui.action,Paste,Unutilized Abstraction
jmeter-2_2,org.apache.jmeter.gui.action,RemoteStart,Unutilized Abstraction
jmeter-2_2,org.apache.jmeter.gui.action,AcceptPKCS12FileFilter,Unutilized Abstraction
jmeter-2_2,org.apache.jmeter.gui.action,SaveGraphics,Unutilized Abstraction
jmeter-2_2,org.apache.jmeter.gui.action,Start,Unutilized Abstraction
jmeter-2_2,org.apache.jmeter.gui.action,What,Unutilized Abstraction
jmeter-2_2,org.apache.jmeter.gui.action,PackageTest,Unutilized Abstraction
jmeter-2_2,org.apache.jmeter.gui.action,TestLoad,Unutilized Abstraction
jmeter-2_2,org.apache.jmeter.gui.action,TestSave,Unutilized Abstraction
jmeter-2_2,org.apache.jmeter.gui.tree,JMeterCellRenderer,Unutilized Abstraction
jmeter-2_2,org.apache.jmeter.gui.tree,JMeterTreeListener,Cyclic-Dependent Modularization
jmeter-2_2,org.apache.jmeter.gui.tree,JMeterTreeListener,Insufficient Modularization
jmeter-2_2,org.apache.jmeter.gui.tree,JMeterTreeModel,Cyclic-Dependent Modularization
jmeter-2_2,org.apache.jmeter.gui.tree,JMeterTreeNode,Unutilized Abstraction
jmeter-2_2,org.apache.jmeter.gui.tree,JMeterTreeNode,Cyclic-Dependent Modularization
jmeter-2_2,org.apache.jmeter.gui.tree,NamedTreeNode,Unutilized Abstraction
jmeter-2_2,org.apache.jmeter.gui.util,ButtonPanel,Unutilized Abstraction
jmeter-2_2,org.apache.jmeter.gui.util,ButtonPanel,Deficient Encapsulation
jmeter-2_2,org.apache.jmeter.gui.util,FilePanel,Broken Hierarchy
jmeter-2_2,org.apache.jmeter.gui.util,FocusRequester,Unutilized Abstraction
jmeter-2_2,org.apache.jmeter.gui.util,KeyFocus,Unutilized Abstraction
jmeter-2_2,org.apache.jmeter.gui.util,FocusClass,Unutilized Abstraction
jmeter-2_2,org.apache.jmeter.gui.util,JMeterColor,Deficient Encapsulation
jmeter-2_2,org.apache.jmeter.gui.util,JMeterMenuBar,Cyclic-Dependent Modularization
jmeter-2_2,org.apache.jmeter.gui.util,MenuFactory,Deficient Encapsulation
jmeter-2_2,org.apache.jmeter.gui.util,MenuFactory,Insufficient Modularization
jmeter-2_2,org.apache.jmeter.gui.util,MenuInfo,Deficient Encapsulation
jmeter-2_2,org.apache.jmeter.gui.util,PowerTableModel,Insufficient Modularization
jmeter-2_2,org.apache.jmeter.gui.util,TextAreaTableCellEditor,Unutilized Abstraction
jmeter-2_2,org.apache.jmeter.gui.util,TextAreaTableCellEditor,Insufficient Modularization
jmeter-2_2,org.apache.jmeter.gui.util,DirectoryPanel,Broken Hierarchy
jmeter-2_2,org.apache.jmeter.gui.util,ReportFilePanel,Broken Hierarchy
jmeter-2_2,org.apache.jmeter.gui.util,ReportMenuBar,Deficient Encapsulation
jmeter-2_2,org.apache.jmeter.gui.util,ReportMenuBar,Cyclic-Dependent Modularization
jmeter-2_2,org.apache.jmeter.gui.util,ReportMenuFactory,Deficient Encapsulation
jmeter-2_2,org.apache.jmeter.processor.gui,AbstractPostProcessorGui,Unutilized Abstraction
jmeter-2_2,org.apache.jmeter.processor.gui,AbstractPreProcessorGui,Unutilized Abstraction
jmeter-2_2,org.apache.jmeter.reporters.gui,ResultActionGui,Unutilized Abstraction
jmeter-2_2,org.apache.jmeter.reporters.gui,ResultSaverGui,Unutilized Abstraction
jmeter-2_2,org.apache.jmeter.reporters.gui,SummariserGui,Unutilized Abstraction
jmeter-2_2,org.apache.jmeter.samplers,AbstractSampler,Unnecessary Abstraction
jmeter-2_2,org.apache.jmeter.samplers,AbstractSampler,Unutilized Abstraction
jmeter-2_2,org.apache.jmeter.samplers,Entry,Cyclic-Dependent Modularization
jmeter-2_2,org.apache.jmeter.samplers,RemoteSampleListenerImpl,Unutilized Abstraction
jmeter-2_2,org.apache.jmeter.samplers,Remoteable,Unnecessary Abstraction
jmeter-2_2,org.apache.jmeter.samplers,Remoteable,Unutilized Abstraction
jmeter-2_2,org.apache.jmeter.samplers,SampleEvent,Deficient Encapsulation
jmeter-2_2,org.apache.jmeter.samplers,SampleEvent,Cyclic-Dependent Modularization
jmeter-2_2,org.apache.jmeter.samplers,SampleListener,Cyclic-Dependent Modularization
jmeter-2_2,org.apache.jmeter.samplers,SampleResult,Deficient Encapsulation
jmeter-2_2,org.apache.jmeter.samplers,SampleResult,Cyclic-Dependent Modularization
jmeter-2_2,org.apache.jmeter.samplers,SampleResult,Insufficient Modularization
jmeter-2_2,org.apache.jmeter.samplers,SampleSaveConfiguration,Deficient Encapsulation
jmeter-2_2,org.apache.jmeter.samplers,SampleSaveConfiguration,Cyclic-Dependent Modularization
jmeter-2_2,org.apache.jmeter.samplers,SampleSaveConfiguration,Insufficient Modularization
jmeter-2_2,org.apache.jmeter.samplers,Sampler,Cyclic-Dependent Modularization
jmeter-2_2,org.apache.jmeter.samplers,NullSampler,Unutilized Abstraction
jmeter-2_2,org.apache.jmeter.samplers,NullSampler,Broken Hierarchy
jmeter-2_2,org.apache.jmeter.samplers,TestSampleResult,Unutilized Abstraction
jmeter-2_2,org.apache.jmeter.samplers.gui,AbstractSamplerGui,Unutilized Abstraction
jmeter-2_2,org.apache.jmeter.save,DataSource,Unutilized Abstraction
jmeter-2_2,org.apache.jmeter.save,DataSource,Deficient Encapsulation
jmeter-2_2,org.apache.jmeter.save,ListenerResultWrapper,Unutilized Abstraction
jmeter-2_2,org.apache.jmeter.save,OldSaveService,Cyclic-Dependent Modularization
jmeter-2_2,org.apache.jmeter.save,OldSaveService,Insufficient Modularization
jmeter-2_2,org.apache.jmeter.save,SaveGraphicsService,Deficient Encapsulation
jmeter-2_2,org.apache.jmeter.save,SaveService,Deficient Encapsulation
jmeter-2_2,org.apache.jmeter.save,ScriptWrapper,Unnecessary Abstraction
jmeter-2_2,org.apache.jmeter.save,ScriptWrapperConverter,Unutilized Abstraction
jmeter-2_2,org.apache.jmeter.save,TestElementSaver,Cyclic-Dependent Modularization
jmeter-2_2,org.apache.jmeter.save,TestSaveService,Unutilized Abstraction
jmeter-2_2,org.apache.jmeter.save.converters,BooleanPropertyConverter,Unutilized Abstraction
jmeter-2_2,org.apache.jmeter.save.converters,ConversionHelp,Deficient Encapsulation
jmeter-2_2,org.apache.jmeter.save.converters,HashTreeConverter,Unutilized Abstraction
jmeter-2_2,org.apache.jmeter.save.converters,IntegerPropertyConverter,Unutilized Abstraction
jmeter-2_2,org.apache.jmeter.save.converters,LongPropertyConverter,Unutilized Abstraction
jmeter-2_2,org.apache.jmeter.save.converters,MultiPropertyConverter,Unutilized Abstraction
jmeter-2_2,org.apache.jmeter.save.converters,SampleResultConverter,Unutilized Abstraction
jmeter-2_2,org.apache.jmeter.save.converters,SampleSaveConfigurationConverter,Unutilized Abstraction
jmeter-2_2,org.apache.jmeter.save.converters,MyWrapper,Unutilized Abstraction
jmeter-2_2,org.apache.jmeter.save.converters,StringPropertyConverter,Unutilized Abstraction
jmeter-2_2,org.apache.jmeter.save.converters,TestElementConverter,Unutilized Abstraction
jmeter-2_2,org.apache.jmeter.save.converters,TestElementPropertyConverter,Unutilized Abstraction
jmeter-2_2,org.apache.jmeter.save.converters,TestResultWrapperConverter,Unutilized Abstraction
jmeter-2_2,org.apache.jmeter.services,TestFileServer,Unutilized Abstraction
jmeter-2_2,org.apache.jmeter.testbeans,BeanInfoSupport,Deficient Encapsulation
jmeter-2_2,org.apache.jmeter.testbeans,TestBean,Unnecessary Abstraction
jmeter-2_2,org.apache.jmeter.testbeans,TestBean,Unutilized Abstraction
jmeter-2_2,org.apache.jmeter.testbeans,TestBeanBeanInfo,Unutilized Abstraction
jmeter-2_2,org.apache.jmeter.testbeans,TestBeanHelper,Cyclic-Dependent Modularization
jmeter-2_2,org.apache.jmeter.testbeans.gui,UniqueObject,Unutilized Abstraction
jmeter-2_2,org.apache.jmeter.testbeans.gui,FieldStringEditor,Unutilized Abstraction
jmeter-2_2,org.apache.jmeter.testbeans.gui,FileEditor,Unutilized Abstraction
jmeter-2_2,org.apache.jmeter.testbeans.gui,SimpleFileEditor,Unutilized Abstraction
jmeter-2_2,org.apache.jmeter.testbeans.gui,GenericTestBeanCustomizer,Unutilized Abstraction
jmeter-2_2,org.apache.jmeter.testbeans.gui,GenericTestBeanCustomizer,Deficient Encapsulation
jmeter-2_2,org.apache.jmeter.testbeans.gui,GenericTestBeanCustomizer,Broken Hierarchy
jmeter-2_2,org.apache.jmeter.testbeans.gui,PropertyComparator,Unutilized Abstraction
jmeter-2_2,org.apache.jmeter.testbeans.gui,PasswordEditor,Unutilized Abstraction
jmeter-2_2,org.apache.jmeter.testbeans.gui,SharedCustomizer,Unnecessary Abstraction
jmeter-2_2,org.apache.jmeter.testbeans.gui,SharedCustomizer,Unutilized Abstraction
jmeter-2_2,org.apache.jmeter.testbeans.gui,TestBeanGUI,Unutilized Abstraction
jmeter-2_2,org.apache.jmeter.testbeans.gui,TextAreaEditor,Unutilized Abstraction
jmeter-2_2,org.apache.jmeter.testbeans.gui,PackageTest,Unutilized Abstraction
jmeter-2_2,org.apache.jmeter.testbeans.gui,TestComboStringEditor,Unutilized Abstraction
jmeter-2_2,org.apache.jmeter.testbeans.gui,TestFieldStringEditor,Unutilized Abstraction
jmeter-2_2,org.apache.jmeter.testelement,AbstractTestElement,Unutilized Abstraction
jmeter-2_2,org.apache.jmeter.testelement,AbstractTestElement,Insufficient Modularization
jmeter-2_2,org.apache.jmeter.testelement,AbstractTestElementBeanInfo,Unutilized Abstraction
jmeter-2_2,org.apache.jmeter.testelement,OnErrorTestElement,Unutilized Abstraction
jmeter-2_2,org.apache.jmeter.testelement,OnErrorTestElement,Deficient Encapsulation
jmeter-2_2,org.apache.jmeter.testelement,OnErrorTestElement,Broken Hierarchy
jmeter-2_2,org.apache.jmeter.testelement,TestCloneable,Unutilized Abstraction
jmeter-2_2,org.apache.jmeter.testelement,TestElement,Deficient Encapsulation
jmeter-2_2,org.apache.jmeter.testelement,TestElement,Cyclic-Dependent Modularization
jmeter-2_2,org.apache.jmeter.testelement,TestElement,Insufficient Modularization
jmeter-2_2,org.apache.jmeter.testelement,TestElementTraverser,Cyclic-Dependent Modularization
jmeter-2_2,org.apache.jmeter.testelement,TestListener,Cyclic-Dependent Modularization
jmeter-2_2,org.apache.jmeter.testelement,TestPlan,Deficient Encapsulation
jmeter-2_2,org.apache.jmeter.testelement,TestPlan,Cyclic-Dependent Modularization
jmeter-2_2,org.apache.jmeter.testelement,TestPlan,Insufficient Modularization
jmeter-2_2,org.apache.jmeter.testelement,ThreadListener,Unutilized Abstraction
jmeter-2_2,org.apache.jmeter.testelement,VariablesCollection,Unutilized Abstraction
jmeter-2_2,org.apache.jmeter.testelement,WorkBench,Unutilized Abstraction
jmeter-2_2,org.apache.jmeter.testelement,WorkBench,Broken Hierarchy
jmeter-2_2,org.apache.jmeter.testelement,AbstractChart,Unutilized Abstraction
jmeter-2_2,org.apache.jmeter.testelement,AbstractChart,Deficient Encapsulation
jmeter-2_2,org.apache.jmeter.testelement,AbstractChart,Broken Hierarchy
jmeter-2_2,org.apache.jmeter.testelement,AbstractChart,Insufficient Modularization
jmeter-2_2,org.apache.jmeter.testelement,AbstractTable,Unutilized Abstraction
jmeter-2_2,org.apache.jmeter.testelement,AbstractTable,Deficient Encapsulation
jmeter-2_2,org.apache.jmeter.testelement,AbstractTable,Insufficient Modularization
jmeter-2_2,org.apache.jmeter.testelement,BarChart,Deficient Encapsulation
jmeter-2_2,org.apache.jmeter.testelement,ReportPage,Unutilized Abstraction
jmeter-2_2,org.apache.jmeter.testelement,ReportPage,Deficient Encapsulation
jmeter-2_2,org.apache.jmeter.testelement,ReportPage,Broken Hierarchy
jmeter-2_2,org.apache.jmeter.testelement,ReportPlan,Deficient Encapsulation
jmeter-2_2,org.apache.jmeter.testelement,BarChartTest,Unutilized Abstraction
jmeter-2_2,org.apache.jmeter.testelement,LineGraphTest,Unutilized Abstraction
jmeter-2_2,org.apache.jmeter.testelement,PackageTest,Unutilized Abstraction
jmeter-2_2,org.apache.jmeter.testelement.property,CollectionProperty,Insufficient Modularization
jmeter-2_2,org.apache.jmeter.testelement.property,DoubleProperty,Unutilized Abstraction
jmeter-2_2,org.apache.jmeter.testelement.property,DoubleProperty,Broken Hierarchy
jmeter-2_2,org.apache.jmeter.testelement.property,FloatProperty,Unutilized Abstraction
jmeter-2_2,org.apache.jmeter.testelement.property,FloatProperty,Broken Hierarchy
jmeter-2_2,org.apache.jmeter.testelement.property,IntegerProperty,Unutilized Abstraction
jmeter-2_2,org.apache.jmeter.testelement.property,IntegerProperty,Broken Hierarchy
jmeter-2_2,org.apache.jmeter.testelement.property,JMeterProperty,Cyclic-Dependent Modularization
jmeter-2_2,org.apache.jmeter.testelement.property,LongProperty,Unutilized Abstraction
jmeter-2_2,org.apache.jmeter.testelement.property,LongProperty,Broken Hierarchy
jmeter-2_2,org.apache.jmeter.testelement.property,MultiProperty,Cyclic-Dependent Modularization
jmeter-2_2,org.apache.jmeter.testelement.property,NumberProperty,Unutilized Abstraction
jmeter-2_2,org.apache.jmeter.testelement.property,PropertyIteratorImpl,Unutilized Abstraction
jmeter-2_2,org.apache.jmeter.testelement.property,TestElementProperty,Cyclic-Dependent Modularization
jmeter-2_2,org.apache.jmeter.testelement.property,PackageTest,Unutilized Abstraction
jmeter-2_2,org.apache.jmeter.threads,JMeterContext,Cyclic-Dependent Modularization
jmeter-2_2,org.apache.jmeter.threads,JMeterContext,Insufficient Modularization
jmeter-2_2,org.apache.jmeter.threads,JMeterThread,Deficient Encapsulation
jmeter-2_2,org.apache.jmeter.threads,JMeterThread,Cyclic-Dependent Modularization
jmeter-2_2,org.apache.jmeter.threads,JMeterThread,Insufficient Modularization
jmeter-2_2,org.apache.jmeter.threads,Traverser,Cyclic-Dependent Modularization
jmeter-2_2,org.apache.jmeter.threads,IterationListener,Unutilized Abstraction
jmeter-2_2,org.apache.jmeter.threads,JMeterThreadMonitor,Cyclic-Dependent Modularization
jmeter-2_2,org.apache.jmeter.threads,JMeterVariables,Cyclic-Dependent Modularization
jmeter-2_2,org.apache.jmeter.threads,ListenerNotifier,Cyclic-Dependent Modularization
jmeter-2_2,org.apache.jmeter.threads,ReflectionThreadGroup,Unnecessary Abstraction
jmeter-2_2,org.apache.jmeter.threads,ReflectionThreadGroup,Unutilized Abstraction
jmeter-2_2,org.apache.jmeter.threads,SamplePackage,Cyclic-Dependent Modularization
jmeter-2_2,org.apache.jmeter.threads,SamplePackage,Insufficient Modularization
jmeter-2_2,org.apache.jmeter.threads,TestCompiler,Cyclic-Dependent Modularization
jmeter-2_2,org.apache.jmeter.threads,ObjectPair,Cyclic-Dependent Modularization
jmeter-2_2,org.apache.jmeter.threads,ThreadGroup,Deficient Encapsulation
jmeter-2_2,org.apache.jmeter.threads,ThreadGroup,Insufficient Modularization
jmeter-2_2,org.apache.jmeter.threads,TestTestCompiler,Unutilized Abstraction
jmeter-2_2,org.apache.jmeter.threads,TestSampler,Unutilized Abstraction
jmeter-2_2,org.apache.jmeter.threads.gui,ThreadGroupGui,Unutilized Abstraction
jmeter-2_2,org.apache.jmeter.util,SockRead,Unutilized Abstraction
jmeter-2_2,org.apache.jmeter.util,Calculator,Insufficient Modularization
jmeter-2_2,org.apache.jmeter.util,JMeterUtils,Deficient Encapsulation
jmeter-2_2,org.apache.jmeter.util,JMeterUtils,Cyclic-Dependent Modularization
jmeter-2_2,org.apache.jmeter.util,JMeterUtils,Insufficient Modularization
jmeter-2_2,org.apache.jmeter.util,JsseSSLManager,Unutilized Abstraction
jmeter-2_2,org.apache.jmeter.util,AlwaysTrustManager,Unutilized Abstraction
jmeter-2_2,org.apache.jmeter.util,WrappedX509KeyManager,Unutilized Abstraction
jmeter-2_2,org.apache.jmeter.util,NamedObject,Unutilized Abstraction
jmeter-2_2,org.apache.jmeter.util,SSLManager,Cyclic-Dependent Modularization
jmeter-2_2,org.apache.jmeter.util,SlowSocket,Unutilized Abstraction
jmeter-2_2,org.apache.jmeter.util,SlowInputStream,Unutilized Abstraction
jmeter-2_2,org.apache.jmeter.util,SlowOutputStream,Unutilized Abstraction
jmeter-2_2,org.apache.jmeter.util,MyErrorHandler,Unutilized Abstraction
jmeter-2_2,org.apache.jmeter.util,PackageTest,Unutilized Abstraction
jmeter-2_2,org.apache.jmeter.util,TestJMeterUtils,Unutilized Abstraction
jmeter-2_2,org.apache.jmeter.util.keystore,DefaultKeyStore,Unutilized Abstraction
jmeter-2_2,org.apache.jmeter.visualizers.gui,AbstractVisualizer,Unutilized Abstraction
jmeter-2_2,org.apache.jmeter.examples.sampler,ExampleSampler,Deficient Encapsulation
jmeter-2_2,org.apache.jmeter.examples.sampler.gui,ExampleSamplerGui,Unutilized Abstraction
jmeter-2_2,org.apache.jmeter.examples.testbeans.example1,Example1,Unutilized Abstraction
jmeter-2_2,org.apache.jmeter.examples.testbeans.example2,Example2,Unutilized Abstraction
jmeter-2_2,org.apache.jmeter.examples.testbeans.example2,Example2BeanInfo,Unutilized Abstraction
jmeter-2_2,org.htmlparser,NodeReader,Deficient Encapsulation
jmeter-2_2,org.htmlparser,NodeReader,Cyclic-Dependent Modularization
jmeter-2_2,org.htmlparser,NodeReader,Insufficient Modularization
jmeter-2_2,org.htmlparser,Parser,Deficient Encapsulation
jmeter-2_2,org.htmlparser,Parser,Cyclic-Dependent Modularization
jmeter-2_2,org.htmlparser,Parser,Insufficient Modularization
jmeter-2_2,org.htmlparser,RemarkNode,Deficient Encapsulation
jmeter-2_2,org.htmlparser,RemarkNode,Cyclic-Dependent Modularization
jmeter-2_2,org.htmlparser,RemarkNodeParser,Imperative Abstraction
jmeter-2_2,org.htmlparser,RemarkNodeParser,Deficient Encapsulation
jmeter-2_2,org.htmlparser,RemarkNodeParser,Cyclic-Dependent Modularization
jmeter-2_2,org.htmlparser,StringNode,Deficient Encapsulation
jmeter-2_2,org.htmlparser,StringNode,Cyclic-Dependent Modularization
jmeter-2_2,org.htmlparser.beans,LinkBean,Deficient Encapsulation
jmeter-2_2,org.htmlparser.beans,StringBean,Deficient Encapsulation
jmeter-2_2,org.htmlparser.parserHelper,AttributeParser,Imperative Abstraction
jmeter-2_2,org.htmlparser.parserHelper,AttributeParser,Cyclic-Dependent Modularization
jmeter-2_2,org.htmlparser.parserHelper,CompositeTagScannerHelper,Cyclic-Dependent Modularization
jmeter-2_2,org.htmlparser.parserHelper,StringParser,Imperative Abstraction
jmeter-2_2,org.htmlparser.parserHelper,StringParser,Cyclic-Dependent Modularization
jmeter-2_2,org.htmlparser.parserHelper,TagParser,Deficient Encapsulation
jmeter-2_2,org.htmlparser.parserHelper,TagParser,Cyclic-Dependent Modularization
jmeter-2_2,org.htmlparser.parserHelper,Bool,Unutilized Abstraction
jmeter-2_2,org.htmlparser.scanners,BgSoundScanner,Unutilized Abstraction
jmeter-2_2,org.htmlparser.scanners,BgSoundScanner,Deficient Encapsulation
jmeter-2_2,org.htmlparser.scanners,BulletListScanner,Unutilized Abstraction
jmeter-2_2,org.htmlparser.scanners,BulletScanner,Unutilized Abstraction
jmeter-2_2,org.htmlparser.scanners,CompositeTagScanner,Wide Hierarchy
jmeter-2_2,org.htmlparser.scanners,CompositeTagScanner,Cyclic-Dependent Modularization
jmeter-2_2,org.htmlparser.scanners,DivScanner,Unutilized Abstraction
jmeter-2_2,org.htmlparser.scanners,DoctypeScanner,Unutilized Abstraction
jmeter-2_2,org.htmlparser.scanners,FormScanner,Deficient Encapsulation
jmeter-2_2,org.htmlparser.scanners,FrameScanner,Unutilized Abstraction
jmeter-2_2,org.htmlparser.scanners,HeadScanner,Unutilized Abstraction
jmeter-2_2,org.htmlparser.scanners,HtmlScanner,Unutilized Abstraction
jmeter-2_2,org.htmlparser.scanners,ImageScanner,Deficient Encapsulation
jmeter-2_2,org.htmlparser.scanners,JspScanner,Unutilized Abstraction
jmeter-2_2,org.htmlparser.scanners,LinkScanner,Deficient Encapsulation
jmeter-2_2,org.htmlparser.scanners,LinkScanner,Cyclic-Dependent Modularization
jmeter-2_2,org.htmlparser.scanners,LinkTagScanner,Unutilized Abstraction
jmeter-2_2,org.htmlparser.scanners,SpanScanner,Unutilized Abstraction
jmeter-2_2,org.htmlparser.scanners,TableColumnScanner,Unutilized Abstraction
jmeter-2_2,org.htmlparser.scanners,TableRowScanner,Unutilized Abstraction
jmeter-2_2,org.htmlparser.scanners,TableScanner,Unutilized Abstraction
jmeter-2_2,org.htmlparser.scanners,TagScanner,Cyclic-Dependent Modularization
jmeter-2_2,org.htmlparser.tags,AppletTag,Broken Hierarchy
jmeter-2_2,org.htmlparser.tags,BodyTag,Broken Hierarchy
jmeter-2_2,org.htmlparser.tags,Bullet,Broken Hierarchy
jmeter-2_2,org.htmlparser.tags,BulletList,Broken Hierarchy
jmeter-2_2,org.htmlparser.tags,CompositeTag,Wide Hierarchy
jmeter-2_2,org.htmlparser.tags,CompositeTag,Insufficient Modularization
jmeter-2_2,org.htmlparser.tags,Div,Broken Hierarchy
jmeter-2_2,org.htmlparser.tags,EndTag,Deficient Encapsulation
jmeter-2_2,org.htmlparser.tags,EndTag,Cyclic-Dependent Modularization
jmeter-2_2,org.htmlparser.tags,FormTag,Deficient Encapsulation
jmeter-2_2,org.htmlparser.tags,FormTag,Broken Hierarchy
jmeter-2_2,org.htmlparser.tags,FrameSetTag,Broken Hierarchy
jmeter-2_2,org.htmlparser.tags,HeadTag,Unutilized Abstraction
jmeter-2_2,org.htmlparser.tags,HeadTag,Broken Hierarchy
jmeter-2_2,org.htmlparser.tags,Html,Broken Hierarchy
jmeter-2_2,org.htmlparser.tags,ImageTag,Deficient Encapsulation
jmeter-2_2,org.htmlparser.tags,ImageTag,Cyclic-Dependent Modularization
jmeter-2_2,org.htmlparser.tags,LabelTag,Broken Hierarchy
jmeter-2_2,org.htmlparser.tags,LinkTag,Deficient Encapsulation
jmeter-2_2,org.htmlparser.tags,LinkTag,Cyclic-Dependent Modularization
jmeter-2_2,org.htmlparser.tags,OptionTag,Broken Hierarchy
jmeter-2_2,org.htmlparser.tags,ScriptTag,Broken Hierarchy
jmeter-2_2,org.htmlparser.tags,SelectTag,Broken Hierarchy
jmeter-2_2,org.htmlparser.tags,Span,Broken Hierarchy
jmeter-2_2,org.htmlparser.tags,StyleTag,Broken Hierarchy
jmeter-2_2,org.htmlparser.tags,TableColumn,Broken Hierarchy
jmeter-2_2,org.htmlparser.tags,TableRow,Broken Hierarchy
jmeter-2_2,org.htmlparser.tags,TableTag,Broken Hierarchy
jmeter-2_2,org.htmlparser.tags,Tag,Deficient Encapsulation
jmeter-2_2,org.htmlparser.tags,Tag,Wide Hierarchy
jmeter-2_2,org.htmlparser.tags,Tag,Cyclic-Dependent Modularization
jmeter-2_2,org.htmlparser.tags,Tag,Insufficient Modularization
jmeter-2_2,org.htmlparser.tags,TextareaTag,Broken Hierarchy
jmeter-2_2,org.htmlparser.tags,TitleTag,Cyclic-Dependent Modularization
jmeter-2_2,org.htmlparser.tags.data,CompositeTagData,Cyclic-Dependent Modularization
jmeter-2_2,org.htmlparser.tags.data,FormData,Unutilized Abstraction
jmeter-2_2,org.htmlparser.tests,AllTests,Unutilized Abstraction
jmeter-2_2,org.htmlparser.tests,AssertXmlEqualsTest,Broken Hierarchy
jmeter-2_2,org.htmlparser.tests,BenchmarkP,Unutilized Abstraction
jmeter-2_2,org.htmlparser.tests,FunctionalTests,Unutilized Abstraction
jmeter-2_2,org.htmlparser.tests,LineNumberAssignedByNodeReaderTest,Broken Hierarchy
jmeter-2_2,org.htmlparser.tests,ParserTest,Broken Hierarchy
jmeter-2_2,org.htmlparser.tests.parserHelperTests,ParsingThread,Unutilized Abstraction
jmeter-2_2,org.htmlparser.tests.scannersTests,BulletListScannerTest,Unutilized Abstraction
jmeter-2_2,org.htmlparser.tests.scannersTests,BulletScannerTest,Unutilized Abstraction
jmeter-2_2,org.htmlparser.tests.scannersTests,CompositeTagScannerTest,Deficient Encapsulation
jmeter-2_2,org.htmlparser.tests.scannersTests,CompositeTagScannerTest,Insufficient Modularization
jmeter-2_2,org.htmlparser.tests.scannersTests,CustomScanner,Unutilized Abstraction
jmeter-2_2,org.htmlparser.tests.scannersTests,AnotherScanner,Unutilized Abstraction
jmeter-2_2,org.htmlparser.tests.scannersTests,CustomTag,Deficient Encapsulation
jmeter-2_2,org.htmlparser.tests.scannersTests,FormScannerTest,Deficient Encapsulation
jmeter-2_2,org.htmlparser.tests.scannersTests,HtmlTest,Unutilized Abstraction
jmeter-2_2,org.htmlparser.tests.scannersTests,LinkScannerTest,Insufficient Modularization
jmeter-2_2,org.htmlparser.tests.scannersTests,XmlEndTagScanningTest,Unutilized Abstraction
jmeter-2_2,org.htmlparser.tests.tagTests,LinkTagTest,Insufficient Modularization
jmeter-2_2,org.htmlparser.tests.tagTests,TagTest,Insufficient Modularization
jmeter-2_2,org.htmlparser.tests.utilTests,HTMLLinkProcessorTest,Insufficient Modularization
jmeter-2_2,org.htmlparser.tests.utilTests,NodeListTest,Insufficient Modularization
jmeter-2_2,org.htmlparser.tests.visitorsTests,ParameterVisitor,Unutilized Abstraction
jmeter-2_2,org.htmlparser.util,CommandLine,Deficient Encapsulation
jmeter-2_2,org.htmlparser.util,DefaultParserFeedback,Deficient Encapsulation
jmeter-2_2,org.htmlparser.util,IteratorImpl,Unutilized Abstraction
jmeter-2_2,org.htmlparser.util,IteratorImpl,Cyclic-Dependent Modularization
jmeter-2_2,org.htmlparser.util,ParserException,Broken Hierarchy
jmeter-2_2,org.htmlparser.util,ParserUtils,Cyclic-Dependent Modularization
jmeter-2_2,org.htmlparser.util,PeekingIterator,Unutilized Abstraction
jmeter-2_2,org.htmlparser.util,PeekingIterator,Broken Hierarchy
jmeter-2_2,org.htmlparser.util,SimpleNodeIterator,Rebellious Hierarchy
jmeter-2_2,org.htmlparser.visitors,CompositeTagFindingVisitor,Unutilized Abstraction
jmeter-2_2,org.htmlparser.visitors,CompositeTagFindingVisitor,Broken Hierarchy
jmeter-2_2,org.htmlparser.visitors,NodeVisitor,Cyclic-Dependent Modularization
jmeter-2_2,org.apache.jmeter.protocol.http.parser,HtmlParserHTMLParser16,Unutilized Abstraction
jmeter-2_2,org.apache.jmeter.protocol.http.parser,HTMLParseError,Unutilized Abstraction
jmeter-2_2,org.apache.jmeter.protocol.http.parser,HTMLParseException,Unutilized Abstraction
jmeter-2_2,org.apache.jmeter.protocol.http.parser,HTMLParser,Deficient Encapsulation
jmeter-2_2,org.apache.jmeter.protocol.http.parser,HtmlParserHTMLParser,Imperative Abstraction
jmeter-2_2,org.apache.jmeter.protocol.http.parser,RegexpHTMLParser,Unutilized Abstraction
jmeter-2_2,org.apache.jmeter.protocol.http.parser,UrlIterator,Unutilized Abstraction
jmeter-2_2,org.apache.jmeter.protocol.http.parser,URLString,Unutilized Abstraction
jmeter-2_2,org.apache.jmeter.protocol.http.parser,StaticTestClass,Unutilized Abstraction
jmeter-2_2,org.apache.jmeter.protocol.http.parser,TestClass,Unutilized Abstraction
jmeter-2_2,org.apache.jmeter.protocol.http.parser,TestData,Unutilized Abstraction
jmeter-2_2,org.apache.jmeter.protocol.http.parser,TestHtmlParsingUtils,Unutilized Abstraction
jmeter-2_2,org.apache.commons.cli.avalon,AbstractParserControl,Unutilized Abstraction
jmeter-2_2,org.apache.commons.cli.avalon,CLOption,Deficient Encapsulation
jmeter-2_2,org.apache.commons.cli.avalon,CLOptionDescriptor,Deficient Encapsulation
jmeter-2_2,org.apache.commons.cli.avalon,Token,Deficient Encapsulation
jmeter-2_2,org.apache.commons.cli.avalon,ClutilTestCase,Unutilized Abstraction
jmeter-2_2,org.apache.commons.cli.avalon,ClutilTestCase,Insufficient Modularization
jmeter-2_2,org.apache.jorphan.collections,ConfigurationTree,Insufficient Modularization
jmeter-2_2,org.apache.jorphan.collections,Data,Insufficient Modularization
jmeter-2_2,org.apache.jorphan.collections,HashTree,Cyclic-Dependent Modularization
jmeter-2_2,org.apache.jorphan.collections,HashTree,Insufficient Modularization
jmeter-2_2,org.apache.jorphan.collections,TreeSearcher,Cyclic-Dependent Modularization
jmeter-2_2,org.apache.jorphan.collections,ConvertToString,Cyclic-Dependent Modularization
jmeter-2_2,org.apache.jorphan.collections,HashTreeTraverser,Cyclic-Dependent Modularization
jmeter-2_2,org.apache.jorphan.collections,ListedHashTree,Insufficient Modularization
jmeter-2_2,org.apache.jorphan.collections,SortedHashTree,Unutilized Abstraction
jmeter-2_2,org.apache.jorphan.collections,PackageTest,Unutilized Abstraction
jmeter-2_2,org.apache.jorphan.collections,TestConfigurationTree,Unutilized Abstraction
jmeter-2_2,org.apache.jorphan.gui,AbstractTreeTableModel,Unutilized Abstraction
jmeter-2_2,org.apache.jorphan.gui,AbstractTreeTableModel,Insufficient Modularization
jmeter-2_2,org.apache.jorphan.gui,DefaultTreeTableModel,Unutilized Abstraction
jmeter-2_2,org.apache.jorphan.gui,DefaultTreeTableModel,Broken Hierarchy
jmeter-2_2,org.apache.jorphan.gui,JLabeledChoice,Unutilized Abstraction
jmeter-2_2,org.apache.jorphan.gui,AddListener,Unutilized Abstraction
jmeter-2_2,org.apache.jorphan.gui,DeleteListener,Unutilized Abstraction
jmeter-2_2,org.apache.jorphan.gui,JLabeledField,Unutilized Abstraction
jmeter-2_2,org.apache.jorphan.gui,JLabeledPasswordField,Unutilized Abstraction
jmeter-2_2,org.apache.jorphan.gui,JLabeledPasswordField,Broken Hierarchy
jmeter-2_2,org.apache.jorphan.gui,JLabeledRadio,Unutilized Abstraction
jmeter-2_2,org.apache.jorphan.gui,JLabeledTextArea,Unutilized Abstraction
jmeter-2_2,org.apache.jorphan.gui,JLabeledTextField,Unutilized Abstraction
jmeter-2_2,org.apache.jorphan.gui,JTreeTable,Unutilized Abstraction
jmeter-2_2,org.apache.jorphan.gui.layout,VerticalLayout,Deficient Encapsulation
jmeter-2_2,org.apache.jorphan.logging,LoggingManager,Deficient Encapsulation
jmeter-2_2,org.apache.jorphan.math,NumberComparator,Unutilized Abstraction
jmeter-2_2,org.apache.jorphan.math,TestStatCalculator,Unutilized Abstraction
jmeter-2_2,org.apache.jorphan.reflect,FilterTreeSet,Unutilized Abstraction
jmeter-2_2,org.apache.jorphan.timer,AbstractTimer,Unutilized Abstraction
jmeter-2_2,org.apache.jorphan.timer,AbstractTimer,Broken Hierarchy
jmeter-2_2,org.apache.jorphan.timer,HRTimer,Unutilized Abstraction
jmeter-2_2,org.apache.jorphan.timer,ITimer,Unutilized Abstraction
jmeter-2_2,org.apache.jorphan.timer,ITimerConstants,Unnecessary Abstraction
jmeter-2_2,org.apache.jorphan.timer,ITimerConstants,Unutilized Abstraction
jmeter-2_2,org.apache.jorphan.timer,JavaSystemTimer,Unutilized Abstraction
jmeter-2_2,org.apache.jorphan.timer,TimerFactory,Unutilized Abstraction
jmeter-2_2,org.apache.jorphan.util,Converter,Insufficient Modularization
jmeter-2_2,org.apache.jorphan.util,JMeterError,Unutilized Abstraction
jmeter-2_2,org.apache.jorphan.util,JMeterException,Unutilized Abstraction
jmeter-2_2,org.apache.jorphan.util,JMeterStopTestException,Unutilized Abstraction
jmeter-2_2,org.apache.jorphan.util,JMeterStopThreadException,Unutilized Abstraction
jmeter-2_2,org.apache.jorphan.util,TestJorphanUtils,Unutilized Abstraction
jmeter-2_2,org.apache.jorphan.util,TestJorphanUtils,Insufficient Modularization
jmeter-2_2,org.apache.jmeter.protocol.java.control.gui,JUnitTestSamplerGui,Unutilized Abstraction
jmeter-2_2,org.apache.jmeter.protocol.java.control.gui,BSFSamplerGui,Unutilized Abstraction
jmeter-2_2,org.apache.jmeter.protocol.java.control.gui,BeanShellSamplerGui,Unutilized Abstraction
jmeter-2_2,org.apache.jmeter.protocol.java.control.gui,JavaTestSamplerGui,Unutilized Abstraction
jmeter-2_2,org.apache.jmeter.protocol.java.sampler,JUnitSampler,Deficient Encapsulation
jmeter-2_2,org.apache.jmeter.protocol.java.sampler,JUnitSampler,Insufficient Modularization
jmeter-2_2,org.apache.jmeter.protocol.java.sampler,AbstractJavaSamplerClient,Unutilized Abstraction
jmeter-2_2,org.apache.jmeter.protocol.java.sampler,BSFSampler,Deficient Encapsulation
jmeter-2_2,org.apache.jmeter.protocol.java.sampler,BeanShellSampler,Deficient Encapsulation
jmeter-2_2,org.apache.jmeter.protocol.java.sampler,JavaSampler,Deficient Encapsulation
jmeter-2_2,org.apache.jmeter.protocol.java.sampler,ErrorSamplerClient,Unutilized Abstraction
jmeter-2_2,org.apache.jmeter.protocol.java.sampler,ErrorSamplerClient,Broken Hierarchy
jmeter-2_2,org.apache.jmeter.monitor.util,MemoryBenchmark,Imperative Abstraction
jmeter-2_2,org.apache.jmeter.monitor.util,MemoryBenchmark,Unutilized Abstraction
jmeter-2_2,org.apache.jmeter.monitor.util,Stats,Deficient Encapsulation
jmeter-2_2,org.apache.jmeter.monitor.model,ConnectorImpl,Unutilized Abstraction
jmeter-2_2,org.apache.jmeter.monitor.model,JvmImpl,Unutilized Abstraction
jmeter-2_2,org.apache.jmeter.monitor.model,MemoryImpl,Unutilized Abstraction
jmeter-2_2,org.apache.jmeter.monitor.model,MonitorParser,Unutilized Abstraction
jmeter-2_2,org.apache.jmeter.monitor.model,RequestInfoImpl,Unutilized Abstraction
jmeter-2_2,org.apache.jmeter.monitor.model,StatusImpl,Unutilized Abstraction
jmeter-2_2,org.apache.jmeter.monitor.model,ThreadInfoImpl,Unutilized Abstraction
jmeter-2_2,org.apache.jmeter.monitor.model,WorkerImpl,Unutilized Abstraction
jmeter-2_2,org.apache.jmeter.monitor.model,WorkerImpl,Insufficient Modularization
jmeter-2_2,org.apache.jmeter.monitor.model,WorkersImpl,Unutilized Abstraction
jmeter-2_2,org.apache.jmeter.monitor.model,TestObjectFactory,Unutilized Abstraction
jmeter-2_2,org.apache.jmeter.monitor.parser,Constants,Deficient Encapsulation
jmeter-2_2,org.apache.jmeter.monitor.parser,Constants,Broken Modularization
jmeter-2_2,org.apache.jmeter.monitor.parser,ParserImpl,Unutilized Abstraction
jmeter-2_2,org.apache.jmeter.protocol.ftp.control.gui,FtpTestSamplerGui,Unutilized Abstraction
jmeter-2_2,org.apache.jmeter.protocol.ftp.sampler,FTPSampler,Deficient Encapsulation
jmeter-2_2,org.apache.jmeter.protocol.http.config,MultipartUrlConfig,Deficient Encapsulation
jmeter-2_2,org.apache.jmeter.protocol.http.config,UrlConfigTest,Unutilized Abstraction
jmeter-2_2,org.apache.jmeter.protocol.http.config.gui,HttpDefaultsGui,Unutilized Abstraction
jmeter-2_2,org.apache.jmeter.protocol.http.config.gui,MultipartUrlConfigGui,Unutilized Abstraction
jmeter-2_2,org.apache.jmeter.protocol.http.control,AuthManager,Insufficient Modularization
jmeter-2_2,org.apache.jmeter.protocol.http.control,Cookie,Insufficient Modularization
jmeter-2_2,org.apache.jmeter.protocol.http.control,CookieManager,Deficient Encapsulation
jmeter-2_2,org.apache.jmeter.protocol.http.control,CookieManager,Cyclic-Dependent Modularization
jmeter-2_2,org.apache.jmeter.protocol.http.control,CookieManager,Insufficient Modularization
jmeter-2_2,org.apache.jmeter.protocol.http.control,HeaderManager,Deficient Encapsulation
jmeter-2_2,org.apache.jmeter.protocol.http.control,RecordingController,Unnecessary Abstraction
jmeter-2_2,org.apache.jmeter.protocol.http.control,TestAuthManager,Unutilized Abstraction
jmeter-2_2,org.apache.jmeter.protocol.http.control,TestCookieManager,Unutilized Abstraction
jmeter-2_2,org.apache.jmeter.protocol.http.control,TestCookieManager,Insufficient Modularization
jmeter-2_2,org.apache.jmeter.protocol.http.control.gui,AjpSamplerGui,Unutilized Abstraction
jmeter-2_2,org.apache.jmeter.protocol.http.control.gui,HttpTestSampleGui2,Unutilized Abstraction
jmeter-2_2,org.apache.jmeter.protocol.http.control.gui,RecordController,Unutilized Abstraction
jmeter-2_2,org.apache.jmeter.protocol.http.control.gui,SoapSamplerGui,Unutilized Abstraction
jmeter-2_2,org.apache.jmeter.protocol.http.control.gui,WebServiceSamplerGui,Unutilized Abstraction
jmeter-2_2,org.apache.jmeter.protocol.http.control.gui,TestHttpTestSampleGui,Unutilized Abstraction
jmeter-2_2,org.apache.jmeter.protocol.http.gui,AuthPanel,Unutilized Abstraction
jmeter-2_2,org.apache.jmeter.protocol.http.gui,AuthPanel,Insufficient Modularization
jmeter-2_2,org.apache.jmeter.protocol.http.gui,PasswordCellRenderer,Unutilized Abstraction
jmeter-2_2,org.apache.jmeter.protocol.http.gui,CookiePanel,Unutilized Abstraction
jmeter-2_2,org.apache.jmeter.protocol.http.gui,HeaderPanel,Unutilized Abstraction
jmeter-2_2,org.apache.jmeter.protocol.http.gui,HeaderPanel,Insufficient Modularization
jmeter-2_2,org.apache.jmeter.protocol.http.gui,HeaderUpdater,Unutilized Abstraction
jmeter-2_2,org.apache.jmeter.protocol.http.gui,InnerTableModel,Unutilized Abstraction
jmeter-2_2,org.apache.jmeter.protocol.http.modifier,TestAnchorModifier,Unutilized Abstraction
jmeter-2_2,org.apache.jmeter.protocol.http.modifier,TestURLRewritingModifier,Unutilized Abstraction
jmeter-2_2,org.apache.jmeter.protocol.http.modifier.gui,AnchorModifierGui,Unutilized Abstraction
jmeter-2_2,org.apache.jmeter.protocol.http.modifier.gui,ParamModifierGui,Unutilized Abstraction
jmeter-2_2,org.apache.jmeter.protocol.http.modifier.gui,URLRewritingModifierGui,Unutilized Abstraction
jmeter-2_2,org.apache.jmeter.protocol.http.modifier.gui,UserParameterModifierGui,Unutilized Abstraction
jmeter-2_2,org.apache.jmeter.protocol.http.proxy,Daemon,Cyclic-Dependent Modularization
jmeter-2_2,org.apache.jmeter.protocol.http.proxy,Proxy,Cyclic-Dependent Modularization
jmeter-2_2,org.apache.jmeter.protocol.http.proxy,ProxyControl,Deficient Encapsulation
jmeter-2_2,org.apache.jmeter.protocol.http.proxy,ProxyControl,Cyclic-Dependent Modularization
jmeter-2_2,org.apache.jmeter.protocol.http.proxy,ProxyControl,Insufficient Modularization
jmeter-2_2,org.apache.jmeter.protocol.http.proxy,TestHttpRequestHdr,Unutilized Abstraction
jmeter-2_2,org.apache.jmeter.protocol.http.proxy,TestProxyControl,Unutilized Abstraction
jmeter-2_2,org.apache.jmeter.protocol.http.proxy.gui,ProxyControlGui,Unutilized Abstraction
jmeter-2_2,org.apache.jmeter.protocol.http.proxy.gui,ProxyControlGui,Insufficient Modularization
jmeter-2_2,org.apache.jmeter.protocol.http.proxy.gui,TreeNodeWrapper,Unutilized Abstraction
jmeter-2_2,org.apache.jmeter.protocol.http.sampler,AccessLogSampler,Deficient Encapsulation
jmeter-2_2,org.apache.jmeter.protocol.http.sampler,AccessLogSampler,Broken Hierarchy
jmeter-2_2,org.apache.jmeter.protocol.http.sampler,AccessLogSampler,Insufficient Modularization
jmeter-2_2,org.apache.jmeter.protocol.http.sampler,AccessLogSamplerBeanInfo,Unutilized Abstraction
jmeter-2_2,org.apache.jmeter.protocol.http.sampler,AjpSampler,Broken Hierarchy
jmeter-2_2,org.apache.jmeter.protocol.http.sampler,HTTPSampleResult,Cyclic-Dependent Modularization
jmeter-2_2,org.apache.jmeter.protocol.http.sampler,HTTPSampler,Broken Hierarchy
jmeter-2_2,org.apache.jmeter.protocol.http.sampler,HTTPSampler,Cyclic-Dependent Modularization
jmeter-2_2,org.apache.jmeter.protocol.http.sampler,HTTPSampler2,Broken Hierarchy
jmeter-2_2,org.apache.jmeter.protocol.http.sampler,HTTPSamplerBase,Deficient Encapsulation
jmeter-2_2,org.apache.jmeter.protocol.http.sampler,HTTPSamplerBase,Cyclic-Dependent Modularization
jmeter-2_2,org.apache.jmeter.protocol.http.sampler,HTTPSamplerBase,Insufficient Modularization
jmeter-2_2,org.apache.jmeter.protocol.http.sampler,HTTPSamplerBaseBeanInfo,Unnecessary Abstraction
jmeter-2_2,org.apache.jmeter.protocol.http.sampler,HTTPSamplerBaseBeanInfo,Unutilized Abstraction
jmeter-2_2,org.apache.jmeter.protocol.http.sampler,HTTPSamplerFactory,Deficient Encapsulation
jmeter-2_2,org.apache.jmeter.protocol.http.sampler,PostWriter,Cyclic-Dependent Modularization
jmeter-2_2,org.apache.jmeter.protocol.http.sampler,SoapSampler,Deficient Encapsulation
jmeter-2_2,org.apache.jmeter.protocol.http.sampler,SoapSampler,Broken Hierarchy
jmeter-2_2,org.apache.jmeter.protocol.http.sampler,SoapSampler,Insufficient Modularization
jmeter-2_2,org.apache.jmeter.protocol.http.sampler,WebServiceSampler,Deficient Encapsulation
jmeter-2_2,org.apache.jmeter.protocol.http.sampler,WebServiceSampler,Insufficient Modularization
jmeter-2_2,org.apache.jmeter.protocol.http.sampler,HTTPNullSampler,Unutilized Abstraction
jmeter-2_2,org.apache.jmeter.protocol.http.sampler,PackageTest,Unutilized Abstraction
jmeter-2_2,org.apache.jmeter.protocol.http.sampler,PostWriterTest,Unutilized Abstraction
jmeter-2_2,org.apache.jmeter.protocol.http.sampler,StubURLConnection,Unutilized Abstraction
jmeter-2_2,org.apache.jmeter.protocol.http.sampler,TestHTTPSamplers,Unutilized Abstraction
jmeter-2_2,org.apache.jmeter.protocol.http.util,HTTPResultConverter,Unutilized Abstraction
jmeter-2_2,org.apache.jmeter.protocol.http.util,SlowHttpClientSocketFactory,Unutilized Abstraction
jmeter-2_2,org.apache.jmeter.protocol.http.util,WSDLException,Unutilized Abstraction
jmeter-2_2,org.apache.jmeter.protocol.http.util,WSDLHelper,Deficient Encapsulation
jmeter-2_2,org.apache.jmeter.protocol.http.util,TestHTTPArgument,Unutilized Abstraction
jmeter-2_2,org.apache.jmeter.protocol.http.util.accesslog,Generator,Unutilized Abstraction
jmeter-2_2,org.apache.jmeter.protocol.http.util.accesslog,OrderPreservingLogParser,Unutilized Abstraction
jmeter-2_2,org.apache.jmeter.protocol.http.util.accesslog,OrderPreservingLogParser,Broken Hierarchy
jmeter-2_2,org.apache.jmeter.protocol.http.util.accesslog,StandardGenerator,Unutilized Abstraction
jmeter-2_2,org.apache.jmeter.protocol.http.util.accesslog,TCLogParser,Deficient Encapsulation
jmeter-2_2,org.apache.jmeter.protocol.http.util.accesslog,TestLogFilter,Unutilized Abstraction
jmeter-2_2,org.apache.jmeter.protocol.http.util.accesslog,TestTCLogParser,Unutilized Abstraction
jmeter-2_2,org.apache.jmeter.protocol.java.test,JavaTest,Unutilized Abstraction
jmeter-2_2,org.apache.jmeter.protocol.java.test,JavaTest,Deficient Encapsulation
jmeter-2_2,org.apache.jmeter.protocol.java.test,SleepTest,Unutilized Abstraction
jmeter-2_2,org.apache.jmeter.protocol.java.test,SleepTest,Deficient Encapsulation
jmeter-2_2,org.apache.jmeter.protocol.jdbc.config,DataSourceElement,Insufficient Modularization
jmeter-2_2,org.apache.jmeter.protocol.jdbc.config,DataSourceElementBeanInfo,Unutilized Abstraction
jmeter-2_2,org.apache.jmeter.protocol.jdbc.sampler,JDBCSamplerBeanInfo,Unutilized Abstraction
jmeter-2_2,org.apache.jmeter.protocol.jms.client,ClientPool,Missing Hierarchy
jmeter-2_2,org.apache.jmeter.protocol.jms.control.gui,JMSConfigGui,Unutilized Abstraction
jmeter-2_2,org.apache.jmeter.protocol.jms.control.gui,JMSPublisherGui,Deficient Encapsulation
jmeter-2_2,org.apache.jmeter.protocol.jms.control.gui,JMSPublisherGui,Cyclic-Dependent Modularization
jmeter-2_2,org.apache.jmeter.protocol.jms.control.gui,JMSSubscriberGui,Deficient Encapsulation
jmeter-2_2,org.apache.jmeter.protocol.jms.control.gui,JMSSubscriberGui,Cyclic-Dependent Modularization
jmeter-2_2,org.apache.jmeter.protocol.jms.control.gui,JndiDefaultsGui,Unutilized Abstraction
jmeter-2_2,org.apache.jmeter.protocol.jms.sampler,BaseJMSSampler,Deficient Encapsulation
jmeter-2_2,org.apache.jmeter.protocol.jms.sampler,BaseJMSSampler,Insufficient Modularization
jmeter-2_2,org.apache.jmeter.protocol.jms.sampler,FixedQueueExecutor,Unutilized Abstraction
jmeter-2_2,org.apache.jmeter.protocol.jms.sampler,JMSSampler,Deficient Encapsulation
jmeter-2_2,org.apache.jmeter.protocol.jms.sampler,JMSSampler,Insufficient Modularization
jmeter-2_2,org.apache.jmeter.protocol.jms.sampler,PlaceHolder,Unutilized Abstraction
jmeter-2_2,org.apache.jmeter.protocol.jms.sampler,PublisherSampler,Deficient Encapsulation
jmeter-2_2,org.apache.jmeter.protocol.jms.sampler,PublisherSampler,Cyclic-Dependent Modularization
jmeter-2_2,org.apache.jmeter.protocol.jms.sampler,PublisherSampler,Insufficient Modularization
jmeter-2_2,org.apache.jmeter.protocol.jms.sampler,SubscriberSampler,Deficient Encapsulation
jmeter-2_2,org.apache.jmeter.protocol.jms.sampler,SubscriberSampler,Cyclic-Dependent Modularization
jmeter-2_2,org.apache.jmeter.protocol.jms.sampler,TemporaryQueueExecutor,Unutilized Abstraction
jmeter-2_2,org.apache.jmeter.ejb.jndi.config,JndiConfig,Deficient Encapsulation
jmeter-2_2,org.apache.jmeter.ejb.jndi.config,MethodConfig,Deficient Encapsulation
jmeter-2_2,org.apache.jmeter.ejb.jndi.config,MethodConfig,Insufficient Modularization
jmeter-2_2,org.apache.jmeter.ejb.jndi.config,MethodConfigUserObjectException,Unutilized Abstraction
jmeter-2_2,org.apache.jmeter.ejb.jndi.config.gui,LookupConfigGui,Unutilized Abstraction
jmeter-2_2,org.apache.jmeter.ejb.jndi.control.gui,JndiTestSampleGui,Unutilized Abstraction
jmeter-2_2,org.apache.jmeter.ejb.jndi.sampler,JNDISampler,Deficient Encapsulation
jmeter-2_2,org.apache.jmeter.protocol.ldap.config.gui,LDAPArgument,Deficient Encapsulation
jmeter-2_2,org.apache.jmeter.protocol.ldap.config.gui,LDAPArguments,Deficient Encapsulation
jmeter-2_2,org.apache.jmeter.protocol.ldap.config.gui,PackageTest,Unutilized Abstraction
jmeter-2_2,org.apache.jmeter.protocol.ldap.control.gui,LdapExtTestSamplerGui,Unutilized Abstraction
jmeter-2_2,org.apache.jmeter.protocol.ldap.control.gui,LdapTestSamplerGui,Unutilized Abstraction
jmeter-2_2,org.apache.jmeter.protocol.ldap.sampler,LDAPExtSampler,Deficient Encapsulation
jmeter-2_2,org.apache.jmeter.protocol.ldap.sampler,LDAPExtSampler,Insufficient Modularization
jmeter-2_2,org.apache.jmeter.protocol.ldap.sampler,LDAPSampler,Deficient Encapsulation
jmeter-2_2,org.apache.jmeter.protocol.mail.sampler,MailReaderSampler,Deficient Encapsulation
jmeter-2_2,org.apache.jmeter.protocol.mail.sampler.gui,MailReaderSamplerGui,Unutilized Abstraction
jmeter-2_2,org.apache.jmeter.protocol.tcp.control.gui,TCPSamplerGui,Unutilized Abstraction
jmeter-2_2,org.apache.jmeter.protocol.tcp.sampler,TCPClientImpl,Unutilized Abstraction
jmeter-2_2,org.apache.jmeter.protocol.tcp.sampler,TCPSampler,Deficient Encapsulation
jmeter-2_2,org.apache.jmeter.report,ReportChart,Unutilized Abstraction
jmeter-2_2,org.apache.jmeter.report,ReportTable,Unutilized Abstraction
jmeter-2_2,org.apache.jmeter.report.engine,ReportEngine,Unutilized Abstraction
jmeter-2_2,org.apache.jmeter.report.engine,StandardReportEngine,Unutilized Abstraction
jmeter-2_2,org.apache.jmeter.report.engine,ValueReplacer,Unutilized Abstraction
jmeter-2_2,org.apache.jmeter.report.gui,AbstractReportGui,Unutilized Abstraction
jmeter-2_2,org.apache.jmeter.report.gui,BarChartGui,Unutilized Abstraction
jmeter-2_2,org.apache.jmeter.report.gui,LineGraphGui,Unutilized Abstraction
jmeter-2_2,org.apache.jmeter.report.gui,ReportPageGui,Unutilized Abstraction
jmeter-2_2,org.apache.jmeter.report.gui,TableGui,Unutilized Abstraction
jmeter-2_2,org.apache.jmeter.report.gui.action,AbstractAction,Unutilized Abstraction
jmeter-2_2,org.apache.jmeter.report.gui.action,ReportActionRouter,Cyclic-Dependent Modularization
jmeter-2_2,org.apache.jmeter.report.gui.action,ReportAddParent,Unutilized Abstraction
jmeter-2_2,org.apache.jmeter.report.gui.action,ReportAddToTree,Unutilized Abstraction
jmeter-2_2,org.apache.jmeter.report.gui.action,ReportCheckDirty,Unutilized Abstraction
jmeter-2_2,org.apache.jmeter.report.gui.action,ReportCheckDirty,Deficient Encapsulation
jmeter-2_2,org.apache.jmeter.report.gui.action,ReportCheckDirty,Cyclic-Dependent Modularization
jmeter-2_2,org.apache.jmeter.report.gui.action,ReportClose,Unutilized Abstraction
jmeter-2_2,org.apache.jmeter.report.gui.action,ReportCopy,Unutilized Abstraction
jmeter-2_2,org.apache.jmeter.report.gui.action,ReportCut,Unutilized Abstraction
jmeter-2_2,org.apache.jmeter.report.gui.action,ReportCut,Deficient Encapsulation
jmeter-2_2,org.apache.jmeter.report.gui.action,ReportDragNDrop,Unutilized Abstraction
jmeter-2_2,org.apache.jmeter.report.gui.action,ReportDragNDrop,Deficient Encapsulation
jmeter-2_2,org.apache.jmeter.report.gui.action,ReportDragNDrop,Cyclic-Dependent Modularization
jmeter-2_2,org.apache.jmeter.report.gui.action,ReportEditCommand,Unutilized Abstraction
jmeter-2_2,org.apache.jmeter.report.gui.action,ReportEnableComponent,Unutilized Abstraction
jmeter-2_2,org.apache.jmeter.report.gui.action,ReportEnableComponent,Deficient Encapsulation
jmeter-2_2,org.apache.jmeter.report.gui.action,ReportExitCommand,Deficient Encapsulation
jmeter-2_2,org.apache.jmeter.report.gui.action,ReportExitCommand,Cyclic-Dependent Modularization
jmeter-2_2,org.apache.jmeter.report.gui.action,ReportHelp,Unutilized Abstraction
jmeter-2_2,org.apache.jmeter.report.gui.action,ReportHelp,Deficient Encapsulation
jmeter-2_2,org.apache.jmeter.report.gui.action,ReportLoad,Unutilized Abstraction
jmeter-2_2,org.apache.jmeter.report.gui.action,ReportLookAndFeelCommand,Unutilized Abstraction
jmeter-2_2,org.apache.jmeter.report.gui.action,ReportPaste,Unutilized Abstraction
jmeter-2_2,org.apache.jmeter.report.gui.action,ReportPaste,Deficient Encapsulation
jmeter-2_2,org.apache.jmeter.report.gui.action,ReportSave,Deficient Encapsulation
jmeter-2_2,org.apache.jmeter.report.gui.action,ReportSave,Cyclic-Dependent Modularization
jmeter-2_2,org.apache.jmeter.report.gui.action,ReportSaveGraphics,Unutilized Abstraction
jmeter-2_2,org.apache.jmeter.report.gui.action,ReportSaveGraphics,Deficient Encapsulation
jmeter-2_2,org.apache.jmeter.report.gui.action,ReportStart,Unutilized Abstraction
jmeter-2_2,org.apache.jmeter.report.gui.tree,ReportCellRenderer,Unutilized Abstraction
jmeter-2_2,org.apache.jmeter.report.gui.tree,ReportTreeListener,Cyclic-Dependent Modularization
jmeter-2_2,org.apache.jmeter.report.gui.tree,ReportTreeListener,Insufficient Modularization
jmeter-2_2,org.apache.jmeter.report.gui.tree,ReportTreeModel,Cyclic-Dependent Modularization
jmeter-2_2,org.apache.jmeter.report.gui.tree,ReportTreeNode,Cyclic-Dependent Modularization
jmeter-2_2,org.apache.jmeter.report.writers,AbstractReportWriter,Unutilized Abstraction
jmeter-2_2,org.apache.jmeter.report.writers,AbstractReportWriter,Deficient Encapsulation
jmeter-2_2,org.apache.jmeter.report.writers,AbstractReportWriter,Rebellious Hierarchy
jmeter-2_2,org.apache.jmeter.report.writers,DefaultPageSummary,Unutilized Abstraction
jmeter-2_2,org.apache.jmeter.report.writers,DefaultReportSummary,Unutilized Abstraction
jmeter-2_2,org.apache.jmeter.report.writers,HTMLReportWriter,Unutilized Abstraction
jmeter-2_2,org.apache.jmeter.report.writers,ReportSummary,Unutilized Abstraction
jmeter-2_2,org.apache.jmeter.report.writers,ReportWriter,Unutilized Abstraction
jmeter-2_2,org.apache.jmeter.report.writers.gui,HTMLReportWriterGui,Unutilized Abstraction
jmeter-2_2,org.apache.jmeter.junit,JMeterTest,Unutilized Abstraction
jmeter-2_2,org.apache.jmeter.junit,JMeterTest,Broken Hierarchy
jmeter-2_2,org.apache.jmeter.junit,JMeterTestCase,Unutilized Abstraction
jmeter-2_2,org.apache.jmeter.monitor.model.benchmark,ParseBenchmark,Unutilized Abstraction
